"","zip","month_date","population","new_cases_in_frame","plot_var_dis","plot_var_cont"
"1","90620",Mar 2020,45709,10,"5-30",21.8775295893588
"2","90620",Apr 2020,45709,42,"60-120",91.8856242753068
"3","90620",May 2020,45709,43,"60-120",94.0733772342427
"4","90620",Jun 2020,45709,214,"240-480",468.179133212278
"5","90620",Jul 2020,45709,275,">480",601.632063707366
"6","90620",Aug 2020,45709,114,"240-480",249.40383731869
"7","90620",Sep 2020,45709,85,"120-240",185.95900150955
"8","90620",Oct 2020,45709,85,"120-240",185.95900150955
"9","90620",Nov 2020,45709,325,">480",711.01971165416
"10","90620",Dec 2020,45709,1587,">480",3471.96394583124
"11","90620",Jan 2021,45709,1144,">480",2502.78938502264
"12","90620",Feb 2021,45709,233,">480",509.746439432059
"13","90620",Mar 2021,45709,81,"120-240",177.207989673806
"14","90620",Apr 2021,45709,38,"60-120",83.1346124395633
"15","90620",May 2021,45709,23,"30-60",50.3183180555252
"16","90620",Jun 2021,45709,16,"30-60",35.004047342974
"17","90620",Jul 2021,45709,180,"240-480",393.795532608458
"18","90620",Aug 2021,45709,339,">480",741.648253079262
"19","90620",Sep 2021,45709,75,"120-240",164.081471920191
"20","90621",Mar 2020,36961,9,"5-30",24.3499905305592
"21","90621",Apr 2020,36961,22,"30-60",59.5221990747004
"22","90621",May 2020,36961,48,"120-240",129.866616162983
"23","90621",Jun 2020,36961,178,">480",481.588701604394
"24","90621",Jul 2020,36961,284,">480",768.377478964314
"25","90621",Aug 2020,36961,132,"240-480",357.133194448202
"26","90621",Sep 2020,36961,67,"120-240",181.272151727497
"27","90621",Oct 2020,36961,105,"240-480",284.083222856524
"28","90621",Nov 2020,36961,390,">480",1055.16625632423
"29","90621",Dec 2020,36961,1383,">480",3741.78187819594
"30","90621",Jan 2021,36961,821,">480",2221.26024728768
"31","90621",Feb 2021,36961,136,"240-480",367.955412461784
"32","90621",Mar 2021,36961,43,"60-120",116.338843646005
"33","90621",Apr 2021,36961,35,"60-120",94.6944076188415
"34","90621",May 2021,36961,11,"5-30",29.7610995373502
"35","90621",Jun 2021,36961,18,"30-60",48.6999810611185
"36","90621",Jul 2021,36961,132,"240-480",357.133194448202
"37","90621",Aug 2021,36961,221,">480",597.927545250399
"38","90621",Sep 2021,36961,57,"120-240",154.216606693542
"39","90623",Mar 2020,16309,8,"30-60",49.0526703047397
"40","90623",Apr 2020,16309,6,"30-60",36.7895027285548
"41","90623",May 2020,16309,7,"30-60",42.9210865166473
"42","90623",Jun 2020,16309,45,"240-480",275.921270464161
"43","90623",Jul 2020,16309,56,"240-480",343.368692133178
"44","90623",Aug 2020,16309,14,"60-120",85.8421730332945
"45","90623",Sep 2020,16309,20,"120-240",122.631675761849
"46","90623",Oct 2020,16309,9,"30-60",55.1842540928322
"47","90623",Nov 2020,16309,67,"240-480",410.816113802195
"48","90623",Dec 2020,16309,353,">480",2164.44907719664
"49","90623",Jan 2021,16309,232,">480",1422.52743883745
"50","90623",Feb 2021,16309,33,"120-240",202.342265007051
"51","90623",Mar 2021,16309,14,"60-120",85.8421730332945
"52","90623",Apr 2021,16309,8,"30-60",49.0526703047397
"53","90623",May 2021,16309,4,"5-30",24.5263351523699
"54","90623",Jun 2021,16309,4,"5-30",24.5263351523699
"55","90623",Jul 2021,16309,57,"240-480",349.50027592127
"56","90623",Aug 2021,16309,68,"240-480",416.947697590288
"57","90623",Sep 2021,16309,19,"60-120",116.500091973757
"58","90630",Mar 2020,49551,30,"60-120",60.5436822667555
"59","90630",Apr 2020,49551,18,"30-60",36.3262093600533
"60","90630",May 2020,49551,33,"60-120",66.598050493431
"61","90630",Jun 2020,49551,155,"240-480",312.809025044903
"62","90630",Jul 2020,49551,173,"240-480",349.135234404957
"63","90630",Aug 2020,49551,67,"120-240",135.214223729087
"64","90630",Sep 2020,49551,50,"60-120",100.906137111259
"65","90630",Oct 2020,49551,59,"60-120",119.069241791286
"66","90630",Nov 2020,49551,233,"240-480",470.222598938467
"67","90630",Dec 2020,49551,1066,">480",2151.31884321204
"68","90630",Jan 2021,49551,737,">480",1487.35646101996
"69","90630",Feb 2021,49551,204,"240-480",411.697039413937
"70","90630",Mar 2021,49551,57,"60-120",115.032996306835
"71","90630",Apr 2021,49551,35,"60-120",70.6342959778814
"72","90630",May 2021,49551,25,"30-60",50.4530685556295
"73","90630",Jun 2021,49551,25,"30-60",50.4530685556295
"74","90630",Jul 2021,49551,220,"240-480",443.98700328954
"75","90630",Aug 2021,49551,319,">480",643.781154769833
"76","90630",Sep 2021,49551,76,"120-240",153.377328409114
"77","90631",Mar 2020,70485,11,"5-30",15.6061573384408
"78","90631",Apr 2020,70485,45,"60-120",63.8433709299851
"79","90631",May 2020,70485,76,"60-120",107.824359792864
"80","90631",Jun 2020,70485,336,"240-480",476.697169610555
"81","90631",Jul 2020,70485,553,">480",784.564091650706
"82","90631",Aug 2020,70485,265,"240-480",375.966517698801
"83","90631",Sep 2020,70485,150,"120-240",212.811236433284
"84","90631",Oct 2020,70485,229,"240-480",324.891820954813
"85","90631",Nov 2020,70485,606,">480",859.757395190466
"86","90631",Dec 2020,70485,2382,">480",3379.44243456054
"87","90631",Jan 2021,70485,1411,">480",2001.84436404909
"88","90631",Feb 2021,70485,298,"240-480",422.784989714124
"89","90631",Mar 2021,70485,85,"120-240",120.593033978861
"90","90631",Apr 2021,70485,72,"60-120",102.149393487976
"91","90631",May 2021,70485,44,"60-120",62.4246293537632
"92","90631",Jun 2021,70485,36,"30-60",51.0746967439881
"93","90631",Jul 2021,70485,244,"240-480",346.172944598141
"94","90631",Aug 2021,70485,505,">480",716.464495992055
"95","90631",Sep 2021,70485,114,"120-240",161.736539689296
"96","90680",Mar 2020,31557,0,"0-5",0
"97","90680",Apr 2020,31557,25,"60-120",79.2217257660741
"98","90680",May 2020,31557,52,"120-240",164.781189593434
"99","90680",Jun 2020,31557,169,">480",535.538866178661
"100","90680",Jul 2020,31557,242,">480",766.866305415597
"101","90680",Aug 2020,31557,97,"240-480",307.380295972367
"102","90680",Sep 2020,31557,53,"120-240",167.950058624077
"103","90680",Oct 2020,31557,70,"120-240",221.820832145007
"104","90680",Nov 2020,31557,286,">480",906.296542763887
"105","90680",Dec 2020,31557,1175,">480",3723.42111100548
"106","90680",Jan 2021,31557,796,">480",2522.4197483918
"107","90680",Feb 2021,31557,173,">480",548.214342301233
"108","90680",Mar 2021,31557,28,"60-120",88.728332858003
"109","90680",Apr 2021,31557,29,"60-120",91.8972018886459
"110","90680",May 2021,31557,4,"5-30",12.6754761225719
"111","90680",Jun 2021,31557,7,"5-30",22.1820832145007
"112","90680",Jul 2021,31557,99,"240-480",313.718034033653
"113","90680",Aug 2021,31557,166,">480",526.032259086732
"114","90680",Sep 2021,31557,60,"120-240",190.132141838578
"115","90720",Mar 2020,22367,0,"0-5",0
"116","90720",Apr 2020,22367,33,"120-240",147.538784816918
"117","90720",May 2020,22367,51,"120-240",228.014485626146
"118","90720",Jun 2020,22367,55,"240-480",245.897974694863
"119","90720",Jul 2020,22367,43,"120-240",192.247507488711
"120","90720",Aug 2020,22367,22,"60-120",98.3591898779452
"121","90720",Sep 2020,22367,62,"240-480",277.194080565118
"122","90720",Oct 2020,22367,28,"120-240",125.184423481021
"123","90720",Nov 2020,22367,123,">480",549.917288863057
"124","90720",Dec 2020,22367,406,">480",1815.17414047481
"125","90720",Jan 2021,22367,304,">480",1359.14516922252
"126","90720",Feb 2021,22367,65,"240-480",290.606697366656
"127","90720",Mar 2021,22367,34,"120-240",152.009657084097
"128","90720",Apr 2021,22367,23,"60-120",102.830062145125
"129","90720",May 2021,22367,18,"60-120",80.4757008092279
"130","90720",Jun 2021,22367,13,"30-60",58.1213394733312
"131","90720",Jul 2021,22367,100,"240-480",447.087226717933
"132","90720",Aug 2021,22367,160,">480",715.339562748692
"133","90720",Sep 2021,22367,46,"120-240",205.660124290249
"134","90740",Mar 2020,25125,4,"5-30",15.9203980099503
"135","90740",Apr 2020,25125,7,"5-30",27.8606965174129
"136","90740",May 2020,25125,46,"120-240",183.084577114428
"137","90740",Jun 2020,25125,68,"240-480",270.646766169154
"138","90740",Jul 2020,25125,50,"120-240",199.004975124378
"139","90740",Aug 2020,25125,21,"60-120",83.5820895522388
"140","90740",Sep 2020,25125,21,"60-120",83.5820895522388
"141","90740",Oct 2020,25125,29,"60-120",115.422885572139
"142","90740",Nov 2020,25125,79,"240-480",314.427860696517
"143","90740",Dec 2020,25125,359,">480",1428.85572139304
"144","90740",Jan 2021,25125,312,">480",1241.79104477612
"145","90740",Feb 2021,25125,40,"120-240",159.203980099503
"146","90740",Mar 2021,25125,17,"60-120",67.6616915422886
"147","90740",Apr 2021,25125,20,"60-120",79.6019900497513
"148","90740",May 2021,25125,12,"30-60",47.7611940298507
"149","90740",Jun 2021,25125,6,"5-30",23.8805970149254
"150","90740",Jul 2021,25125,116,"240-480",461.691542288557
"151","90740",Aug 2021,25125,182,">480",724.378109452736
"152","90740",Sep 2021,25125,46,"120-240",183.084577114428
"153","90742",Mar 2020,1116,0,"0-5",0
"154","90742",Apr 2020,1116,0,"0-5",0
"155","90742",May 2020,1116,0,"0-5",0
"156","90742",Jun 2020,1116,3,"240-480",268.817204301075
"157","90742",Jul 2020,1116,5,"240-480",448.028673835125
"158","90742",Aug 2020,1116,0,"0-5",0
"159","90742",Sep 2020,1116,0,"0-5",0
"160","90742",Oct 2020,1116,0,"0-5",0
"161","90742",Nov 2020,1116,10,">480",896.057347670251
"162","90742",Dec 2020,1116,6,">480",537.634408602151
"163","90742",Jan 2021,1116,7,">480",627.240143369176
"164","90742",Feb 2021,1116,3,"240-480",268.817204301075
"165","90742",Mar 2021,1116,1,"60-120",89.6057347670251
"166","90742",Apr 2021,1116,1,"60-120",89.6057347670251
"167","90742",May 2021,1116,0,"0-5",0
"168","90742",Jun 2021,1116,0,"0-5",0
"169","90742",Jul 2021,1116,2,"120-240",179.21146953405
"170","90742",Aug 2021,1116,7,">480",627.240143369176
"171","90742",Sep 2021,1116,1,"60-120",89.6057347670251
"172","90743",Mar 2020,429,0,"0-5",0
"173","90743",May 2020,429,0,"0-5",0
"174","90743",Jun 2020,429,0,"0-5",0
"175","90743",Jul 2020,429,1,"120-240",233.100233100233
"176","90743",Aug 2020,429,0,"0-5",0
"177","90743",Sep 2020,429,0,"0-5",0
"178","90743",Oct 2020,429,1,"120-240",233.100233100233
"179","90743",Nov 2020,429,2,"240-480",466.200466200466
"180","90743",Dec 2020,429,7,">480",1631.70163170163
"181","90743",Jan 2021,429,1,"120-240",233.100233100233
"182","90743",Feb 2021,429,0,"0-5",0
"183","90743",Mar 2021,429,0,"0-5",0
"184","90743",Apr 2021,429,0,"0-5",0
"185","90743",May 2021,429,0,"0-5",0
"186","90743",Jun 2021,429,0,"0-5",0
"187","90743",Jul 2021,429,2,"240-480",466.200466200466
"188","90743",Aug 2021,429,1,"120-240",233.100233100233
"189","90743",Sep 2021,429,0,"0-5",0
"190","92602",Mar 2020,30363,2,"5-30",6.58696439745743
"191","92602",Apr 2020,30363,6,"5-30",19.7608931923723
"192","92602",May 2020,30363,8,"5-30",26.3478575898297
"193","92602",Jun 2020,30363,37,"120-240",121.858841352962
"194","92602",Jul 2020,30363,72,"120-240",237.130718308468
"195","92602",Aug 2020,30363,23,"60-120",75.7500905707605
"196","92602",Sep 2020,30363,7,"5-30",23.054375391101
"197","92602",Oct 2020,30363,10,"30-60",32.9348219872872
"198","92602",Nov 2020,30363,94,"240-480",309.587326680499
"199","92602",Dec 2020,30363,330,">480",1086.84912558048
"200","92602",Jan 2021,30363,313,">480",1030.85992820209
"201","92602",Feb 2021,30363,69,"120-240",227.250271712281
"202","92602",Mar 2021,30363,27,"60-120",88.9240193656753
"203","92602",Apr 2021,30363,32,"60-120",105.391430359319
"204","92602",May 2021,30363,10,"30-60",32.9348219872872
"205","92602",Jun 2021,30363,8,"5-30",26.3478575898297
"206","92602",Jul 2021,30363,77,"240-480",253.598129302111
"207","92602",Aug 2021,30363,119,"240-480",391.924381648717
"208","92602",Sep 2021,30363,45,"120-240",148.206698942792
"209","92603",Mar 2020,22719,8,"30-60",35.2128174655575
"210","92603",Apr 2020,22719,5,"5-30",22.0080109159734
"211","92603",May 2020,22719,3,"5-30",13.204806549584
"212","92603",Jun 2020,22719,37,"120-240",162.859280778203
"213","92603",Jul 2020,22719,29,"120-240",127.646463312646
"214","92603",Aug 2020,22719,8,"30-60",35.2128174655575
"215","92603",Sep 2020,22719,13,"30-60",57.2208283815309
"216","92603",Oct 2020,22719,11,"30-60",48.4176240151415
"217","92603",Nov 2020,22719,58,"240-480",255.292926625292
"218","92603",Dec 2020,22719,185,">480",814.296403891016
"219","92603",Jan 2021,22719,159,">480",699.854747127955
"220","92603",Feb 2021,22719,56,"240-480",246.489722258902
"221","92603",Mar 2021,22719,17,"60-120",74.8272371143096
"222","92603",Apr 2021,22719,10,"30-60",44.0160218319468
"223","92603",May 2021,22719,1,"0-5",4.40160218319468
"224","92603",Jun 2021,22719,5,"5-30",22.0080109159734
"225","92603",Jul 2021,22719,44,"120-240",193.670496060566
"226","92603",Aug 2021,22719,61,"240-480",268.497733174876
"227","92603",Sep 2021,22719,12,"30-60",52.8192261983362
"228","92604",Mar 2020,27649,5,"5-30",18.0838366667872
"229","92604",Apr 2020,27649,9,"30-60",32.550906000217
"230","92604",May 2020,27649,8,"5-30",28.9341386668596
"231","92604",Jun 2020,27649,46,"120-240",166.371297334442
"232","92604",Jul 2020,27649,59,"120-240",213.389272668089
"233","92604",Aug 2020,27649,24,"60-120",86.8024160005787
"234","92604",Sep 2020,27649,24,"60-120",86.8024160005787
"235","92604",Oct 2020,27649,23,"60-120",83.1856486672212
"236","92604",Nov 2020,27649,99,"240-480",358.059966002387
"237","92604",Dec 2020,27649,386,">480",1396.07219067597
"238","92604",Jan 2021,27649,319,">480",1153.74877934102
"239","92604",Feb 2021,27649,77,"240-480",278.491084668523
"240","92604",Mar 2021,27649,39,"120-240",141.05392600094
"241","92604",Apr 2021,27649,30,"60-120",108.503020000723
"242","92604",May 2021,27649,11,"30-60",39.7844406669319
"243","92604",Jun 2021,27649,15,"30-60",54.2515100003617
"244","92604",Jul 2021,27649,83,"240-480",300.191688668668
"245","92604",Aug 2021,27649,145,">480",524.431263336829
"246","92604",Sep 2021,27649,34,"120-240",122.970089334153
"247","92606",Mar 2020,23857,2,"5-30",8.38328373223792
"248","92606",Apr 2020,23857,3,"5-30",12.5749255983569
"249","92606",May 2020,23857,9,"30-60",37.7247767950706
"250","92606",Jun 2020,23857,45,"120-240",188.623883975353
"251","92606",Jul 2020,23857,73,"240-480",305.989856226684
"252","92606",Aug 2020,23857,30,"120-240",125.749255983569
"253","92606",Sep 2020,23857,22,"60-120",92.2161210546171
"254","92606",Oct 2020,23857,11,"30-60",46.1080605273085
"255","92606",Nov 2020,23857,71,"240-480",297.606572494446
"256","92606",Dec 2020,23857,304,">480",1274.25912730016
"257","92606",Jan 2021,23857,332,">480",1391.62509955149
"258","92606",Feb 2021,23857,72,"240-480",301.798214360565
"259","92606",Mar 2021,23857,13,"30-60",54.4913442595465
"260","92606",Apr 2021,23857,28,"60-120",117.365972251331
"261","92606",May 2021,23857,17,"60-120",71.2579117240223
"262","92606",Jun 2021,23857,6,"5-30",25.1498511967138
"263","92606",Jul 2021,23857,90,"240-480",377.247767950706
"264","92606",Aug 2021,23857,98,"240-480",410.780902879658
"265","92606",Sep 2021,23857,34,"120-240",142.515823448045
"266","92610",Mar 2020,10793,4,"30-60",37.0610580932086
"267","92610",Apr 2020,10793,2,"5-30",18.5305290466043
"268","92610",May 2020,10793,3,"5-30",27.7957935699064
"269","92610",Jun 2020,10793,16,"120-240",148.244232372834
"270","92610",Jul 2020,10793,23,"120-240",213.101084035949
"271","92610",Aug 2020,10793,10,"60-120",92.6526452330214
"272","92610",Sep 2020,10793,5,"30-60",46.3263226165107
"273","92610",Oct 2020,10793,13,"120-240",120.448438802928
"274","92610",Nov 2020,10793,48,"240-480",444.732697118503
"275","92610",Dec 2020,10793,164,">480",1519.50338182155
"276","92610",Jan 2021,10793,103,">480",954.32224590012
"277","92610",Feb 2021,10793,15,"120-240",138.978967849532
"278","92610",Mar 2021,10793,7,"60-120",64.856851663115
"279","92610",Apr 2021,10793,9,"60-120",83.3873807097193
"280","92610",May 2021,10793,10,"60-120",92.6526452330214
"281","92610",Jun 2021,10793,6,"30-60",55.5915871398128
"282","92610",Jul 2021,10793,31,"240-480",287.223200222366
"283","92610",Aug 2021,10793,59,">480",546.650606874826
"284","92610",Sep 2021,10793,12,"60-120",111.183174279626
"285","92612",Mar 2020,32969,6,"5-30",18.1989141314568
"286","92612",Apr 2020,32969,4,"5-30",12.1326094209712
"287","92612",May 2020,32969,9,"5-30",27.2983711971852
"288","92612",Jun 2020,32969,62,"120-240",188.055446025054
"289","92612",Jul 2020,32969,71,"120-240",215.353817222239
"290","92612",Aug 2020,32969,27,"60-120",81.8951135915557
"291","92612",Sep 2020,32969,21,"60-120",63.6961994600989
"292","92612",Oct 2020,32969,27,"60-120",81.8951135915557
"293","92612",Nov 2020,32969,151,"240-480",458.006005641663
"294","92612",Dec 2020,32969,430,">480",1304.25551275441
"295","92612",Jan 2021,32969,354,">480",1073.73593375595
"296","92612",Feb 2021,32969,78,"120-240",236.585883708939
"297","92612",Mar 2021,32969,23,"60-120",69.7625041705845
"298","92612",Apr 2021,32969,23,"60-120",69.7625041705845
"299","92612",May 2021,32969,10,"30-60",30.331523552428
"300","92612",Jun 2021,32969,8,"5-30",24.2652188419424
"301","92612",Jul 2021,32969,108,"240-480",327.580454366223
"302","92612",Aug 2021,32969,197,">480",597.531013982832
"303","92612",Sep 2021,32969,36,"60-120",109.193484788741
"304","92614",Mar 2020,26675,13,"30-60",48.7347703842549
"305","92614",Apr 2020,26675,4,"5-30",14.9953139643861
"306","92614",May 2020,26675,11,"30-60",41.2371134020619
"307","92614",Jun 2020,26675,71,"240-480",266.166822867854
"308","92614",Jul 2020,26675,80,"240-480",299.906279287723
"309","92614",Aug 2020,26675,14,"30-60",52.4835988753515
"310","92614",Sep 2020,26675,20,"60-120",74.9765698219307
"311","92614",Oct 2020,26675,29,"60-120",108.716026241799
"312","92614",Nov 2020,26675,109,"240-480",408.622305529522
"313","92614",Dec 2020,26675,375,">480",1405.8106841612
"314","92614",Jan 2021,26675,368,">480",1379.56888472352
"315","92614",Feb 2021,26675,87,"240-480",326.148078725398
"316","92614",Mar 2021,26675,23,"60-120",86.2230552952202
"317","92614",Apr 2021,26675,30,"60-120",112.464854732896
"318","92614",May 2021,26675,16,"30-60",59.9812558575445
"319","92614",Jun 2021,26675,20,"60-120",74.9765698219307
"320","92614",Jul 2021,26675,131,">480",491.096532333646
"321","92614",Aug 2021,26675,146,">480",547.328959700094
"322","92614",Sep 2021,26675,48,"120-240",179.943767572634
"323","92617",Mar 2020,16531,2,"5-30",12.0984816405541
"324","92617",Apr 2020,16531,3,"5-30",18.1477224608312
"325","92617",May 2020,16531,4,"5-30",24.1969632811082
"326","92617",Jun 2020,16531,8,"30-60",48.3939265622164
"327","92617",Jul 2020,16531,4,"5-30",24.1969632811082
"328","92617",Aug 2020,16531,0,"0-5",0
"329","92617",Sep 2020,16531,6,"30-60",36.2954449216623
"330","92617",Oct 2020,16531,12,"60-120",72.5908898433247
"331","92617",Nov 2020,16531,49,"240-480",296.412800193576
"332","92617",Dec 2020,16531,98,">480",592.825600387151
"333","92617",Jan 2021,16531,90,">480",544.431673824935
"334","92617",Feb 2021,16531,22,"120-240",133.083298046095
"335","92617",Mar 2021,16531,8,"30-60",48.3939265622164
"336","92617",Apr 2021,16531,6,"30-60",36.2954449216623
"337","92617",May 2021,16531,0,"0-5",0
"338","92617",Jun 2021,16531,1,"5-30",6.04924082027705
"339","92617",Jul 2021,16531,15,"60-120",90.7386123041558
"340","92617",Aug 2021,16531,26,"120-240",157.280261327203
"341","92617",Sep 2021,16531,7,"30-60",42.3446857419394
"342","92618",Mar 2020,34878,11,"30-60",31.5385056482597
"343","92618",Apr 2020,34878,7,"5-30",20.0699581398016
"344","92618",May 2020,34878,13,"30-60",37.2727794024887
"345","92618",Jun 2020,34878,89,"240-480",255.175182063192
"346","92618",Jul 2020,34878,122,"240-480",349.790699007971
"347","92618",Aug 2020,34878,35,"60-120",100.349790699008
"348","92618",Sep 2020,34878,49,"120-240",140.489706978611
"349","92618",Oct 2020,34878,69,"120-240",197.832444520901
"350","92618",Nov 2020,34878,183,">480",524.686048511956
"351","92618",Dec 2020,34878,658,">480",1886.57606514135
"352","92618",Jan 2021,34878,593,">480",1700.21216812891
"353","92618",Feb 2021,34878,147,"240-480",421.469120935834
"354","92618",Mar 2021,34878,52,"120-240",149.091117609955
"355","92618",Apr 2021,34878,71,"120-240",203.56671827513
"356","92618",May 2021,34878,15,"30-60",43.0070531567177
"357","92618",Jun 2021,34878,21,"60-120",60.2098744194048
"358","92618",Jul 2021,34878,177,">480",507.483227249269
"359","92618",Aug 2021,34878,248,">480",711.049945524399
"360","92618",Sep 2021,34878,64,"120-240",183.496760135329
"361","92620",Mar 2020,49298,10,"5-30",20.2847985719502
"362","92620",Apr 2020,49298,16,"30-60",32.4556777151203
"363","92620",May 2020,49298,4,"5-30",8.11391942878007
"364","92620",Jun 2020,49298,75,"120-240",152.135989289626
"365","92620",Jul 2020,49298,79,"120-240",160.249908718406
"366","92620",Aug 2020,49298,39,"60-120",79.1107144306057
"367","92620",Sep 2020,49298,59,"60-120",119.680311574506
"368","92620",Oct 2020,49298,44,"60-120",89.2531137165808
"369","92620",Nov 2020,49298,187,"240-480",379.325733295468
"370","92620",Dec 2020,49298,681,">480",1381.39478274981
"371","92620",Jan 2021,49298,571,">480",1158.26199845836
"372","92620",Feb 2021,49298,150,"240-480",304.271978579253
"373","92620",Mar 2021,49298,40,"60-120",81.1391942878007
"374","92620",Apr 2021,49298,36,"60-120",73.0252748590207
"375","92620",May 2021,49298,23,"30-60",46.6550367154854
"376","92620",Jun 2021,49298,18,"30-60",36.5126374295103
"377","92620",Jul 2021,49298,146,"240-480",296.158059150473
"378","92620",Aug 2021,49298,216,"240-480",438.151649154124
"379","92620",Sep 2021,49298,68,"120-240",137.936630289261
"380","92624",Mar 2020,7215,2,"5-30",27.7200277200277
"381","92624",Apr 2020,7215,2,"5-30",27.7200277200277
"382","92624",May 2020,7215,3,"30-60",41.5800415800416
"383","92624",Jun 2020,7215,17,"120-240",235.620235620236
"384","92624",Jul 2020,7215,37,">480",512.820512820513
"385","92624",Aug 2020,7215,7,"60-120",97.020097020097
"386","92624",Sep 2020,7215,7,"60-120",97.020097020097
"387","92624",Oct 2020,7215,10,"120-240",138.600138600139
"388","92624",Nov 2020,7215,48,">480",665.280665280665
"389","92624",Dec 2020,7215,156,">480",2162.16216216216
"390","92624",Jan 2021,7215,102,">480",1413.72141372141
"391","92624",Feb 2021,7215,19,"240-480",263.340263340263
"392","92624",Mar 2021,7215,2,"5-30",27.7200277200277
"393","92624",Apr 2021,7215,3,"30-60",41.5800415800416
"394","92624",May 2021,7215,1,"5-30",13.8600138600139
"395","92624",Jun 2021,7215,5,"60-120",69.3000693000693
"396","92624",Jul 2021,7215,26,"240-480",360.36036036036
"397","92624",Aug 2021,7215,65,">480",900.900900900901
"398","92624",Sep 2021,7215,13,"120-240",180.18018018018
"399","92625",Mar 2020,12540,15,"60-120",119.617224880383
"400","92625",Apr 2020,12540,2,"5-30",15.9489633173844
"401","92625",May 2020,12540,4,"30-60",31.8979266347687
"402","92625",Jun 2020,12540,31,"240-480",247.208931419458
"403","92625",Jul 2020,12540,43,"240-480",342.902711323764
"404","92625",Aug 2020,12540,3,"5-30",23.9234449760766
"405","92625",Sep 2020,12540,2,"5-30",15.9489633173844
"406","92625",Oct 2020,12540,6,"30-60",47.8468899521531
"407","92625",Nov 2020,12540,23,"120-240",183.41307814992
"408","92625",Dec 2020,12540,89,">480",709.728867623604
"409","92625",Jan 2021,12540,92,">480",733.652312599681
"410","92625",Feb 2021,12540,23,"120-240",183.41307814992
"411","92625",Mar 2021,12540,11,"60-120",87.719298245614
"412","92625",Apr 2021,12540,9,"60-120",71.7703349282297
"413","92625",May 2021,12540,3,"5-30",23.9234449760766
"414","92625",Jun 2021,12540,6,"30-60",47.8468899521531
"415","92625",Jul 2021,12540,30,"120-240",239.234449760766
"416","92625",Aug 2021,12540,50,"240-480",398.724082934609
"417","92625",Sep 2021,12540,9,"60-120",71.7703349282297
"418","92626",Mar 2020,52228,9,"5-30",17.2321360189936
"419","92626",Apr 2020,52228,11,"5-30",21.06149957877
"420","92626",May 2020,52228,15,"5-30",28.7202266983227
"421","92626",Jun 2020,52228,233,"240-480",446.120854713947
"422","92626",Jul 2020,52228,268,">480",513.134717010033
"423","92626",Aug 2020,52228,86,"120-240",164.662633070384
"424","92626",Sep 2020,52228,48,"60-120",91.9047254346328
"425","92626",Oct 2020,52228,144,"240-480",275.714176303898
"426","92626",Nov 2020,52228,345,">480",660.565214061423
"427","92626",Dec 2020,52228,1215,">480",2326.33836256414
"428","92626",Jan 2021,52228,1131,">480",2165.50509305353
"429","92626",Feb 2021,52228,205,"240-480",392.509764877077
"430","92626",Mar 2021,52228,75,"120-240",143.601133491614
"431","92626",Apr 2021,52228,63,"120-240",120.624952132956
"432","92626",May 2021,52228,20,"30-60",38.2936355977637
"433","92626",Jun 2021,52228,23,"30-60",44.0376809374282
"434","92626",Jul 2021,52228,245,"240-480",469.097036072605
"435","92626",Aug 2021,52228,357,">480",683.541395420081
"436","92626",Sep 2021,52228,83,"120-240",158.918587730719
"437","92627",Mar 2020,64900,8,"5-30",12.326656394453
"438","92627",Apr 2020,64900,12,"5-30",18.4899845916795
"439","92627",May 2020,64900,79,"120-240",121.725731895223
"440","92627",Jun 2020,64900,306,"240-480",471.494607087827
"441","92627",Jul 2020,64900,416,">480",640.986132511556
"442","92627",Aug 2020,64900,213,"240-480",328.197226502311
"443","92627",Sep 2020,64900,74,"60-120",114.02157164869
"444","92627",Oct 2020,64900,118,"120-240",181.818181818182
"445","92627",Nov 2020,64900,397,">480",611.71032357473
"446","92627",Dec 2020,64900,1686,">480",2597.84283513097
"447","92627",Jan 2021,64900,1477,">480",2275.80893682589
"448","92627",Feb 2021,64900,277,"240-480",426.810477657935
"449","92627",Mar 2021,64900,96,"120-240",147.919876733436
"450","92627",Apr 2021,64900,77,"60-120",118.64406779661
"451","92627",May 2021,64900,26,"30-60",40.0616332819723
"452","92627",Jun 2021,64900,51,"60-120",78.5824345146379
"453","92627",Jul 2021,64900,275,"240-480",423.728813559322
"454","92627",Aug 2021,64900,398,">480",613.251155624037
"455","92627",Sep 2021,64900,82,"120-240",126.348228043143
"456","92629",Mar 2020,26930,10,"30-60",37.1333085777943
"457","92629",Apr 2020,26930,7,"5-30",25.993316004456
"458","92629",May 2020,26930,5,"5-30",18.5666542888971
"459","92629",Jun 2020,26930,47,"120-240",174.526550315633
"460","92629",Jul 2020,26930,76,"240-480",282.213145191237
"461","92629",Aug 2020,26930,20,"60-120",74.2666171555886
"462","92629",Sep 2020,26930,27,"60-120",100.259933160045
"463","92629",Oct 2020,26930,23,"60-120",85.4066097289269
"464","92629",Nov 2020,26930,103,"240-480",382.473078351281
"465","92629",Dec 2020,26930,315,">480",1169.69922020052
"466","92629",Jan 2021,26930,310,">480",1151.13256591162
"467","92629",Feb 2021,26930,92,"240-480",341.626438915707
"468","92629",Mar 2021,26930,28,"60-120",103.973264017824
"469","92629",Apr 2021,26930,16,"30-60",59.4132937244709
"470","92629",May 2021,26930,16,"30-60",59.4132937244709
"471","92629",Jun 2021,26930,15,"30-60",55.6999628666914
"472","92629",Jul 2021,26930,104,"240-480",386.186409209061
"473","92629",Aug 2021,26930,162,">480",601.559598960267
"474","92629",Sep 2021,26930,42,"120-240",155.959896026736
"475","92630",Mar 2020,65142,12,"5-30",18.4212950170397
"476","92630",Apr 2020,65142,13,"5-30",19.9564029351263
"477","92630",May 2020,65142,37,"30-60",56.7989929692057
"478","92630",Jun 2020,65142,198,"240-480",303.951367781155
"479","92630",Jul 2020,65142,374,">480",574.130361364404
"480","92630",Aug 2020,65142,65,"60-120",99.7820146756317
"481","92630",Sep 2020,65142,88,"120-240",135.089496791624
"482","92630",Oct 2020,65142,76,"60-120",116.668201774585
"483","92630",Nov 2020,65142,359,">480",551.103742593104
"484","92630",Dec 2020,65142,1224,">480",1878.97209173805
"485","92630",Jan 2021,65142,1001,">480",1536.64302600473
"486","92630",Feb 2021,65142,224,"240-480",343.864173651408
"487","92630",Mar 2021,65142,51,"60-120",78.2905038224187
"488","92630",Apr 2021,65142,44,"60-120",67.5447483958122
"489","92630",May 2021,65142,9,"5-30",13.8159712627798
"490","92630",Jun 2021,65142,36,"30-60",55.2638850511191
"491","92630",Jul 2021,65142,156,"120-240",239.476835221516
"492","92630",Aug 2021,65142,415,">480",637.069786005956
"493","92630",Sep 2021,65142,106,"120-240",162.721439317184
"494","92637",Mar 2020,16999,4,"5-30",23.5307959291723
"495","92637",Apr 2020,16999,4,"5-30",23.5307959291723
"496","92637",May 2020,16999,4,"5-30",23.5307959291723
"497","92637",Jun 2020,16999,13,"60-120",76.47508676981
"498","92637",Jul 2020,16999,17,"60-120",100.005882698982
"499","92637",Aug 2020,16999,5,"5-30",29.4134949114654
"500","92637",Sep 2020,16999,21,"120-240",123.536678628155
"501","92637",Oct 2020,16999,11,"60-120",64.7096888052238
"502","92637",Nov 2020,16999,33,"120-240",194.129066415672
"503","92637",Dec 2020,16999,132,">480",776.516265662686
"504","92637",Jan 2021,16999,145,">480",852.991352432496
"505","92637",Feb 2021,16999,35,"120-240",205.894464380258
"506","92637",Mar 2021,16999,4,"5-30",23.5307959291723
"507","92637",Apr 2021,16999,4,"5-30",23.5307959291723
"508","92637",May 2021,16999,1,"5-30",5.88269898229308
"509","92637",Jun 2021,16999,3,"5-30",17.6480969468792
"510","92637",Jul 2021,16999,25,"120-240",147.067474557327
"511","92637",Aug 2021,16999,48,"240-480",282.369551150068
"512","92637",Sep 2021,16999,14,"60-120",82.3577857521031
"513","92646",Mar 2020,56496,9,"5-30",15.9303313508921
"514","92646",Apr 2020,56496,14,"5-30",24.780515434721
"515","92646",May 2020,56496,18,"30-60",31.8606627017842
"516","92646",Jun 2020,56496,141,"240-480",249.575191163976
"517","92646",Jul 2020,56496,171,"240-480",302.67629566695
"518","92646",Aug 2020,56496,36,"60-120",63.7213254035684
"519","92646",Sep 2020,56496,40,"60-120",70.8014726706315
"520","92646",Oct 2020,56496,56,"60-120",99.1220617388842
"521","92646",Nov 2020,56496,233,"240-480",412.418578306429
"522","92646",Dec 2020,56496,906,">480",1603.6533559898
"523","92646",Jan 2021,56496,724,">480",1281.50665533843
"524","92646",Feb 2021,56496,216,"240-480",382.32795242141
"525","92646",Mar 2021,56496,63,"60-120",111.512319456245
"526","92646",Apr 2021,56496,64,"60-120",113.28235627301
"527","92646",May 2021,56496,47,"60-120",83.1917303879921
"528","92646",Jun 2021,56496,31,"30-60",54.8711413197395
"529","92646",Jul 2021,56496,191,"240-480",338.077032002266
"530","92646",Aug 2021,56496,344,">480",608.892664967431
"531","92646",Sep 2021,56496,62,"60-120",109.742282639479
"532","92647",Mar 2020,60269,17,"5-30",28.2068725215285
"533","92647",Apr 2020,60269,91,"120-240",150.989729379947
"534","92647",May 2020,60269,48,"60-120",79.6429341784334
"535","92647",Jun 2020,60269,240,"240-480",398.214670892167
"536","92647",Jul 2020,60269,289,"240-480",479.516832865984
"537","92647",Aug 2020,60269,109,"120-240",180.855829696859
"538","92647",Sep 2020,60269,49,"60-120",81.3021619738174
"539","92647",Oct 2020,60269,92,"120-240",152.648957175331
"540","92647",Nov 2020,60269,309,">480",512.701388773665
"541","92647",Dec 2020,60269,1241,">480",2059.10169407158
"542","92647",Jan 2021,60269,1008,">480",1672.5016177471
"543","92647",Feb 2021,60269,240,"240-480",398.214670892167
"544","92647",Mar 2021,60269,96,"120-240",159.285868356867
"545","92647",Apr 2021,60269,66,"60-120",109.509034495346
"546","92647",May 2021,60269,15,"5-30",24.8884169307604
"547","92647",Jun 2021,60269,23,"30-60",38.1622392938327
"548","92647",Jul 2021,60269,262,"240-480",434.717682390615
"549","92647",Aug 2021,60269,428,">480",710.149496424364
"550","92647",Sep 2021,60269,68,"60-120",112.827490086114
"551","92648",Mar 2020,47906,7,"5-30",14.6119483989479
"552","92648",Apr 2020,47906,52,"60-120",108.545902392185
"553","92648",May 2020,47906,37,"60-120",77.2345843944391
"554","92648",Jun 2020,47906,187,"240-480",390.347764371895
"555","92648",Jul 2020,47906,197,"240-480",411.221976370392
"556","92648",Aug 2020,47906,112,"120-240",233.791174383167
"557","92648",Sep 2020,47906,49,"60-120",102.283638792636
"558","92648",Oct 2020,47906,71,"120-240",148.206905189329
"559","92648",Nov 2020,47906,217,"240-480",452.970400367386
"560","92648",Dec 2020,47906,750,">480",1565.56589988728
"561","92648",Jan 2021,47906,574,">480",1198.17976871373
"562","92648",Feb 2021,47906,146,"240-480",304.763495178057
"563","92648",Mar 2021,47906,55,"60-120",114.808165991734
"564","92648",Apr 2021,47906,52,"60-120",108.545902392185
"565","92648",May 2021,47906,36,"60-120",75.1471631945894
"566","92648",Jun 2021,47906,25,"30-60",52.1855299962426
"567","92648",Jul 2021,47906,226,"240-480",471.757191166034
"568","92648",Aug 2021,47906,335,">480",699.286101949651
"569","92648",Sep 2021,47906,64,"120-240",133.594956790381
"570","92649",Mar 2020,33800,12,"30-60",35.5029585798817
"571","92649",Apr 2020,33800,19,"30-60",56.2130177514793
"572","92649",May 2020,33800,14,"30-60",41.4201183431953
"573","92649",Jun 2020,33800,123,"240-480",363.905325443787
"574","92649",Jul 2020,33800,109,"240-480",322.485207100592
"575","92649",Aug 2020,33800,28,"60-120",82.8402366863905
"576","92649",Sep 2020,33800,34,"60-120",100.591715976331
"577","92649",Oct 2020,33800,38,"60-120",112.426035502959
"578","92649",Nov 2020,33800,115,"240-480",340.236686390532
"579","92649",Dec 2020,33800,481,">480",1423.07692307692
"580","92649",Jan 2021,33800,406,">480",1201.18343195266
"581","92649",Feb 2021,33800,98,"240-480",289.940828402367
"582","92649",Mar 2021,33800,39,"60-120",115.384615384615
"583","92649",Apr 2021,33800,32,"60-120",94.6745562130178
"584","92649",May 2021,33800,12,"30-60",35.5029585798817
"585","92649",Jun 2021,33800,12,"30-60",35.5029585798817
"586","92649",Jul 2021,33800,160,"240-480",473.372781065089
"587","92649",Aug 2021,33800,247,">480",730.769230769231
"588","92649",Sep 2021,33800,36,"60-120",106.508875739645
"589","92651",Mar 2020,25316,32,"120-240",126.402275240954
"590","92651",Apr 2020,25316,3,"5-30",11.8502133038395
"591","92651",May 2020,25316,4,"5-30",15.8002844051193
"592","92651",Jun 2020,25316,38,"120-240",150.102701848633
"593","92651",Jul 2020,25316,54,"120-240",213.30383946911
"594","92651",Aug 2020,25316,17,"60-120",67.151208721757
"595","92651",Sep 2020,25316,24,"60-120",94.8017064307158
"596","92651",Oct 2020,25316,24,"60-120",94.8017064307158
"597","92651",Nov 2020,25316,87,"240-480",343.656185811345
"598","92651",Dec 2020,25316,170,">480",671.51208721757
"599","92651",Jan 2021,25316,194,">480",766.313793648286
"600","92651",Feb 2021,25316,60,"120-240",237.004266076789
"601","92651",Mar 2021,25316,22,"60-120",86.9015642281561
"602","92651",Apr 2021,25316,32,"120-240",126.402275240954
"603","92651",May 2021,25316,10,"30-60",39.5007110127982
"604","92651",Jun 2021,25316,11,"30-60",43.4507821140781
"605","92651",Jul 2021,25316,81,"240-480",319.955759203666
"606","92651",Aug 2021,25316,117,"240-480",462.158318849739
"607","92651",Sep 2021,25316,31,"120-240",122.452204139675
"608","92653",Mar 2020,29183,5,"5-30",17.1332625158483
"609","92653",Apr 2020,29183,12,"30-60",41.1198300380358
"610","92653",May 2020,29183,15,"30-60",51.3997875475448
"611","92653",Jun 2020,29183,90,"240-480",308.398725285269
"612","92653",Jul 2020,29183,127,"240-480",435.184867902546
"613","92653",Aug 2020,29183,38,"120-240",130.212795120447
"614","92653",Sep 2020,29183,36,"120-240",123.359490114108
"615","92653",Oct 2020,29183,32,"60-120",109.652880101429
"616","92653",Nov 2020,29183,150,">480",513.997875475448
"617","92653",Dec 2020,29183,553,">480",1894.93883425282
"618","92653",Jan 2021,29183,466,">480",1596.82006647706
"619","92653",Feb 2021,29183,88,"240-480",301.54542027893
"620","92653",Mar 2021,29183,24,"60-120",82.2396600760717
"621","92653",Apr 2021,29183,21,"60-120",71.9597025665627
"622","92653",May 2021,29183,4,"5-30",13.7066100126786
"623","92653",Jun 2021,29183,9,"30-60",30.8398725285269
"624","92653",Jul 2021,29183,93,"240-480",318.678682794778
"625","92653",Aug 2021,29183,184,">480",630.504060583216
"626","92653",Sep 2021,29183,38,"120-240",130.212795120447
"627","92655",Mar 2020,8618,0,"0-5",0
"628","92655",Apr 2020,8618,7,"60-120",81.2253423067997
"629","92655",May 2020,8618,9,"60-120",104.432582965885
"630","92655",Jun 2020,8618,29,"240-480",336.504989556742
"631","92655",Jul 2020,8618,46,">480",533.76653515897
"632","92655",Aug 2020,8618,24,"240-480",278.486887909028
"633","92655",Sep 2020,8618,7,"60-120",81.2253423067997
"634","92655",Oct 2020,8618,17,"120-240",197.261545602228
"635","92655",Nov 2020,8618,83,">480",963.100487352054
"636","92655",Dec 2020,8618,294,">480",3411.46437688559
"637","92655",Jan 2021,8618,224,">480",2599.21095381759
"638","92655",Feb 2021,8618,51,">480",591.784636806684
"639","92655",Mar 2021,8618,12,"120-240",139.243443954514
"640","92655",Apr 2021,8618,6,"60-120",69.6217219772569
"641","92655",May 2021,8618,1,"5-30",11.6036203295428
"642","92655",Jun 2021,8618,2,"5-30",23.2072406590856
"643","92655",Jul 2021,8618,30,"240-480",348.108609886285
"644","92655",Aug 2021,8618,35,"240-480",406.126711533999
"645","92655",Sep 2021,8618,7,"60-120",81.2253423067997
"646","92656",Mar 2020,52966,9,"5-30",16.9920326247026
"647","92656",Apr 2020,52966,12,"5-30",22.6560434996035
"648","92656",May 2020,52966,17,"30-60",32.0960616244383
"649","92656",Jun 2020,52966,119,"120-240",224.672431371068
"650","92656",Jul 2020,52966,144,"240-480",271.872521995242
"651","92656",Aug 2020,52966,49,"60-120",92.512177623381
"652","92656",Sep 2020,52966,44,"60-120",83.0721594985462
"653","92656",Oct 2020,52966,43,"60-120",81.1841558735793
"654","92656",Nov 2020,52966,246,"240-480",464.448891741872
"655","92656",Dec 2020,52966,772,">480",1457.53879847449
"656","92656",Jan 2021,52966,673,">480",1270.62643960276
"657","92656",Feb 2021,52966,155,"240-480",292.640561869879
"658","92656",Mar 2021,52966,57,"60-120",107.616206623117
"659","92656",Apr 2021,52966,28,"30-60",52.8641014990749
"660","92656",May 2021,52966,24,"30-60",45.312086999207
"661","92656",Jun 2021,52966,21,"30-60",39.6480761243062
"662","92656",Jul 2021,52966,214,"240-480",404.032775742929
"663","92656",Aug 2021,52966,303,">480",572.065098364989
"664","92656",Sep 2021,52966,103,"120-240",194.464373371597
"665","92657",Mar 2020,12157,8,"60-120",65.805708645225
"666","92657",Apr 2020,12157,4,"30-60",32.9028543226125
"667","92657",May 2020,12157,1,"5-30",8.22571358065312
"668","92657",Jun 2020,12157,24,"120-240",197.417125935675
"669","92657",Jul 2020,12157,23,"120-240",189.191412355022
"670","92657",Aug 2020,12157,13,"60-120",106.934276548491
"671","92657",Sep 2020,12157,8,"60-120",65.805708645225
"672","92657",Oct 2020,12157,6,"30-60",49.3542814839187
"673","92657",Nov 2020,12157,19,"120-240",156.288558032409
"674","92657",Dec 2020,12157,70,">480",575.799950645719
"675","92657",Jan 2021,12157,75,">480",616.928518548984
"676","92657",Feb 2021,12157,18,"120-240",148.062844451756
"677","92657",Mar 2021,12157,12,"60-120",98.7085629678375
"678","92657",Apr 2021,12157,6,"30-60",49.3542814839187
"679","92657",May 2021,12157,7,"30-60",57.5799950645719
"680","92657",Jun 2021,12157,6,"30-60",49.3542814839187
"681","92657",Jul 2021,12157,34,"240-480",279.674261742206
"682","92657",Aug 2021,12157,45,"240-480",370.157111129391
"683","92657",Sep 2021,12157,7,"30-60",57.5799950645719
"684","92660",Mar 2020,36123,22,"60-120",60.9030257730532
"685","92660",Apr 2020,36123,11,"30-60",30.4515128865266
"686","92660",May 2020,36123,10,"5-30",27.683193533206
"687","92660",Jun 2020,36123,118,"240-480",326.661683691831
"688","92660",Jul 2020,36123,136,"240-480",376.491432051601
"689","92660",Aug 2020,36123,30,"60-120",83.049580599618
"690","92660",Sep 2020,36123,26,"60-120",71.9763031863356
"691","92660",Oct 2020,36123,42,"60-120",116.269412839465
"692","92660",Nov 2020,36123,113,"240-480",312.820086925228
"693","92660",Dec 2020,36123,316,">480",874.788915649309
"694","92660",Jan 2021,36123,349,">480",966.143454308889
"695","92660",Feb 2021,36123,109,"240-480",301.746809511945
"696","92660",Mar 2021,36123,59,"120-240",163.330841845915
"697","92660",Apr 2021,36123,37,"60-120",102.427816072862
"698","92660",May 2021,36123,15,"30-60",41.524790299809
"699","92660",Jun 2021,36123,26,"60-120",71.9763031863356
"700","92660",Jul 2021,36123,110,"240-480",304.515128865266
"701","92660",Aug 2021,36123,149,"240-480",412.479583644769
"702","92660",Sep 2021,36123,46,"120-240",127.342690252748
"703","92661",Mar 2020,3938,4,"60-120",101.574403250381
"704","92661",Apr 2020,3938,1,"5-30",25.3936008125952
"705","92661",May 2020,3938,1,"5-30",25.3936008125952
"706","92661",Jun 2020,3938,28,">480",711.020822752666
"707","92661",Jul 2020,3938,15,"240-480",380.904012188928
"708","92661",Aug 2020,3938,1,"5-30",25.3936008125952
"709","92661",Sep 2020,3938,5,"120-240",126.968004062976
"710","92661",Oct 2020,3938,5,"120-240",126.968004062976
"711","92661",Nov 2020,3938,7,"120-240",177.755205688167
"712","92661",Dec 2020,3938,40,">480",1015.74403250381
"713","92661",Jan 2021,3938,32,">480",812.595226003047
"714","92661",Feb 2021,3938,12,"240-480",304.723209751143
"715","92661",Mar 2021,3938,8,"120-240",203.148806500762
"716","92661",Apr 2021,3938,5,"120-240",126.968004062976
"717","92661",May 2021,3938,4,"60-120",101.574403250381
"718","92661",Jun 2021,3938,3,"60-120",76.1808024377857
"719","92661",Jul 2021,3938,9,"120-240",228.542407313357
"720","92661",Aug 2021,3938,18,"240-480",457.084814626714
"721","92661",Sep 2021,3938,4,"60-120",101.574403250381
"722","92662",Mar 2020,2848,1,"30-60",35.1123595505618
"723","92662",Apr 2020,2848,1,"30-60",35.1123595505618
"724","92662",May 2020,2848,0,"0-5",0
"725","92662",Jun 2020,2848,7,"240-480",245.786516853933
"726","92662",Jul 2020,2848,11,"240-480",386.23595505618
"727","92662",Aug 2020,2848,2,"60-120",70.2247191011236
"728","92662",Sep 2020,2848,1,"30-60",35.1123595505618
"729","92662",Oct 2020,2848,2,"60-120",70.2247191011236
"730","92662",Nov 2020,2848,5,"120-240",175.561797752809
"731","92662",Dec 2020,2848,27,">480",948.033707865169
"732","92662",Jan 2021,2848,29,">480",1018.25842696629
"733","92662",Feb 2021,2848,1,"30-60",35.1123595505618
"734","92662",Mar 2021,2848,3,"60-120",105.337078651685
"735","92662",Apr 2021,2848,1,"30-60",35.1123595505618
"736","92662",May 2021,2848,0,"0-5",0
"737","92662",Jun 2021,2848,0,"0-5",0
"738","92662",Jul 2021,2848,6,"120-240",210.674157303371
"739","92662",Aug 2021,2848,12,"240-480",421.348314606742
"740","92662",Sep 2021,2848,3,"60-120",105.337078651685
"741","92663",Mar 2020,22489,12,"30-60",53.3594201609676
"742","92663",Apr 2020,22489,13,"30-60",57.8060385077149
"743","92663",May 2020,22489,35,"120-240",155.631642136155
"744","92663",Jun 2020,22489,146,">480",649.206278625106
"745","92663",Jul 2020,22489,145,">480",644.759660278358
"746","92663",Aug 2020,22489,24,"60-120",106.718840321935
"747","92663",Sep 2020,22489,43,"120-240",191.204588910134
"748","92663",Oct 2020,22489,36,"120-240",160.078260482903
"749","92663",Nov 2020,22489,112,">480",498.021254835697
"750","92663",Dec 2020,22489,402,">480",1787.54057539241
"751","92663",Jan 2021,22489,313,">480",1391.7915425319
"752","92663",Feb 2021,22489,75,"240-480",333.496376006047
"753","92663",Mar 2021,22489,56,"240-480",249.010627417849
"754","92663",Apr 2021,22489,32,"120-240",142.291787095914
"755","92663",May 2021,22489,8,"30-60",35.5729467739784
"756","92663",Jun 2021,22489,13,"30-60",57.8060385077149
"757","92663",Jul 2021,22489,93,"240-480",413.535506247499
"758","92663",Aug 2021,22489,132,">480",586.953621770643
"759","92663",Sep 2021,22489,23,"60-120",102.272221975188
"760","92672",Mar 2020,41674,15,"30-60",35.9936651149398
"761","92672",Apr 2020,41674,11,"5-30",26.3953544176225
"762","92672",May 2020,41674,16,"30-60",38.3932427892691
"763","92672",Jun 2020,41674,62,"120-240",148.773815808418
"764","92672",Jul 2020,41674,111,"240-480",266.353121850554
"765","92672",Aug 2020,41674,46,"60-120",110.380573019149
"766","92672",Sep 2020,41674,49,"60-120",117.579306042137
"767","92672",Oct 2020,41674,47,"60-120",112.780150693478
"768","92672",Nov 2020,41674,187,"240-480",448.721025099582
"769","92672",Dec 2020,41674,497,">480",1192.59010414167
"770","92672",Jan 2021,41674,461,">480",1106.20530786582
"771","92672",Feb 2021,41674,126,"240-480",302.346786965494
"772","92672",Mar 2021,41674,25,"30-60",59.989441858233
"773","92672",Apr 2021,41674,29,"60-120",69.5877525555502
"774","92672",May 2021,41674,23,"30-60",55.1902865095743
"775","92672",Jun 2021,41674,32,"60-120",76.7864855785382
"776","92672",Jul 2021,41674,125,"240-480",299.947209291165
"777","92672",Aug 2021,41674,207,">480",496.712578586169
"778","92672",Sep 2021,41674,69,"120-240",165.570859528723
"779","92673",Mar 2020,33456,17,"30-60",50.8130081300813
"780","92673",Apr 2020,33456,3,"5-30",8.96700143472023
"781","92673",May 2020,33456,5,"5-30",14.9450023912004
"782","92673",Jun 2020,33456,34,"60-120",101.626016260163
"783","92673",Jul 2020,33456,93,"240-480",277.977044476327
"784","92673",Aug 2020,33456,23,"60-120",68.7470109995217
"785","92673",Sep 2020,33456,43,"120-240",128.527020564323
"786","92673",Oct 2020,33456,32,"60-120",95.6480153036824
"787","92673",Nov 2020,33456,140,"240-480",418.460066953611
"788","92673",Dec 2020,33456,384,">480",1147.77618364419
"789","92673",Jan 2021,33456,382,">480",1141.79818268771
"790","92673",Feb 2021,33456,82,"240-480",245.098039215686
"791","92673",Mar 2021,33456,26,"60-120",77.714012434242
"792","92673",Apr 2021,33456,36,"60-120",107.604017216643
"793","92673",May 2021,33456,22,"60-120",65.7580105212817
"794","92673",Jun 2021,33456,24,"60-120",71.7360114777618
"795","92673",Jul 2021,33456,106,"240-480",316.834050693448
"796","92673",Aug 2021,33456,219,">480",654.591104734577
"797","92673",Sep 2021,33456,42,"120-240",125.538020086083
"798","92675",Mar 2020,37978,18,"30-60",47.3958607614935
"799","92675",Apr 2020,37978,11,"5-30",28.9641371320238
"800","92675",May 2020,37978,36,"60-120",94.791721522987
"801","92675",Jun 2020,37978,76,"120-240",200.115856548528
"802","92675",Jul 2020,37978,182,"240-480",479.224814366212
"803","92675",Aug 2020,37978,101,"240-480",265.943440939491
"804","92675",Sep 2020,37978,111,"240-480",292.274474695877
"805","92675",Oct 2020,37978,110,"240-480",289.641371320238
"806","92675",Nov 2020,37978,288,">480",758.333772183896
"807","92675",Dec 2020,37978,900,">480",2369.79303807467
"808","92675",Jan 2021,37978,765,">480",2014.32408236347
"809","92675",Feb 2021,37978,117,"240-480",308.073094949708
"810","92675",Mar 2021,37978,37,"60-120",97.4248248986255
"811","92675",Apr 2021,37978,48,"120-240",126.388962030649
"812","92675",May 2021,37978,19,"30-60",50.028964137132
"813","92675",Jun 2021,37978,13,"30-60",34.2303438833009
"814","92675",Jul 2021,37978,123,"240-480",323.871715203539
"815","92675",Aug 2021,37978,250,">480",658.275843909632
"816","92675",Sep 2021,37978,67,"120-240",176.417926167781
"817","92676",Mar 2020,2009,0,"0-5",0
"818","92676",Apr 2020,2009,0,"0-5",0
"819","92676",May 2020,2009,2,"60-120",99.5520159283225
"820","92676",Jun 2020,2009,9,"240-480",447.984071677451
"821","92676",Jul 2020,2009,29,">480",1443.50423096068
"822","92676",Aug 2020,2009,2,"60-120",99.5520159283225
"823","92676",Sep 2020,2009,0,"0-5",0
"824","92676",Oct 2020,2009,0,"0-5",0
"825","92676",Nov 2020,2009,4,"120-240",199.104031856645
"826","92676",Dec 2020,2009,16,">480",796.41612742658
"827","92676",Jan 2021,2009,20,">480",995.520159283225
"828","92676",Feb 2021,2009,2,"60-120",99.5520159283225
"829","92676",Mar 2021,2009,4,"120-240",199.104031856645
"830","92676",Apr 2021,2009,6,"240-480",298.656047784968
"831","92676",May 2021,2009,0,"0-5",0
"832","92676",Jun 2021,2009,2,"60-120",99.5520159283225
"833","92676",Jul 2021,2009,5,"240-480",248.880039820806
"834","92676",Aug 2021,2009,17,">480",846.192135390742
"835","92676",Sep 2021,2009,9,"240-480",447.984071677451
"836","92677",Mar 2020,67124,23,"30-60",34.2649424944878
"837","92677",Apr 2020,67124,9,"5-30",13.4080209761039
"838","92677",May 2020,67124,10,"5-30",14.8978010845599
"839","92677",Jun 2020,67124,109,"120-240",162.386031821703
"840","92677",Jul 2020,67124,157,"120-240",233.895477027591
"841","92677",Aug 2020,67124,63,"60-120",93.8561468327275
"842","92677",Sep 2020,67124,58,"60-120",86.4072462904475
"843","92677",Oct 2020,67124,74,"60-120",110.243728025743
"844","92677",Nov 2020,67124,239,"240-480",356.057445920982
"845","92677",Dec 2020,67124,816,">480",1215.66056850009
"846","92677",Jan 2021,67124,738,">480",1099.45772004052
"847","92677",Feb 2021,67124,166,"240-480",247.303498003695
"848","92677",Mar 2021,67124,70,"60-120",104.284607591919
"849","92677",Apr 2021,67124,37,"30-60",55.1218640128717
"850","92677",May 2021,67124,29,"30-60",43.2036231452238
"851","92677",Jun 2021,67124,21,"30-60",31.2853822775758
"852","92677",Jul 2021,67124,296,"240-480",440.974912102974
"853","92677",Aug 2021,67124,383,">480",570.585781538645
"854","92677",Sep 2021,67124,101,"120-240",150.467790954055
"855","92679",Mar 2020,33336,8,"5-30",23.9980801535877
"856","92679",Apr 2020,33336,4,"5-30",11.9990400767939
"857","92679",May 2020,33336,5,"5-30",14.9988000959923
"858","92679",Jun 2020,33336,66,"120-240",197.984161267099
"859","92679",Jul 2020,33336,106,"240-480",317.974562035037
"860","92679",Aug 2020,33336,22,"60-120",65.9947204223662
"861","92679",Sep 2020,33336,25,"60-120",74.9940004799616
"862","92679",Oct 2020,33336,30,"60-120",89.9928005759539
"863","92679",Nov 2020,33336,115,"240-480",344.972402207823
"864","92679",Dec 2020,33336,368,">480",1103.91168706503
"865","92679",Jan 2021,33336,288,">480",863.930885529158
"866","92679",Feb 2021,33336,90,"240-480",269.978401727862
"867","92679",Mar 2021,33336,46,"120-240",137.988960883129
"868","92679",Apr 2021,33336,19,"30-60",56.9954403647708
"869","92679",May 2021,33336,13,"30-60",38.99688024958
"870","92679",Jun 2021,33336,10,"5-30",29.9976001919846
"871","92679",Jul 2021,33336,127,"240-480",380.969522438205
"872","92679",Aug 2021,33336,185,">480",554.955603551716
"873","92679",Sep 2021,33336,64,"120-240",191.984641228702
"874","92683",Mar 2020,92938,3,"0-5",3.2279584238955
"875","92683",Apr 2020,92938,35,"30-60",37.6595149454475
"876","92683",May 2020,92938,100,"60-120",107.59861412985
"877","92683",Jun 2020,92938,262,"240-480",281.908369020207
"878","92683",Jul 2020,92938,320,"240-480",344.31556521552
"879","92683",Aug 2020,92938,179,"120-240",192.601519292432
"880","92683",Sep 2020,92938,118,"120-240",126.966364673223
"881","92683",Oct 2020,92938,141,"120-240",151.714045923089
"882","92683",Nov 2020,92938,730,">480",785.469883147905
"883","92683",Dec 2020,92938,2810,">480",3023.52105704879
"884","92683",Jan 2021,92938,1869,">480",2011.0180980869
"885","92683",Feb 2021,92938,436,"240-480",469.129957606146
"886","92683",Mar 2021,92938,130,"120-240",139.878198368805
"887","92683",Apr 2021,92938,58,"60-120",62.407196195313
"888","92683",May 2021,92938,25,"5-30",26.8996535324625
"889","92683",Jun 2021,92938,30,"30-60",32.279584238955
"890","92683",Jul 2021,92938,279,"240-480",300.200133422282
"891","92683",Aug 2021,92938,526,">480",565.968710323011
"892","92683",Sep 2021,92938,119,"120-240",128.042350814522
"893","92688",Mar 2020,45484,6,"5-30",13.1914519391434
"894","92688",Apr 2020,45484,8,"5-30",17.5886025855246
"895","92688",May 2020,45484,10,"5-30",21.9857532319057
"896","92688",Jun 2020,45484,108,"120-240",237.446134904582
"897","92688",Jul 2020,45484,142,"240-480",312.197695893061
"898","92688",Aug 2020,45484,40,"60-120",87.9430129276229
"899","92688",Sep 2020,45484,32,"60-120",70.3544103420983
"900","92688",Oct 2020,45484,47,"60-120",103.333040189957
"901","92688",Nov 2020,45484,162,"240-480",356.169202356873
"902","92688",Dec 2020,45484,627,">480",1378.50672764049
"903","92688",Jan 2021,45484,570,">480",1253.18793421863
"904","92688",Feb 2021,45484,115,"240-480",252.836162166916
"905","92688",Mar 2021,45484,49,"60-120",107.730190836338
"906","92688",Apr 2021,45484,41,"60-120",90.1415882508135
"907","92688",May 2021,45484,18,"30-60",39.5743558174303
"908","92688",Jun 2021,45484,19,"30-60",41.7729311406209
"909","92688",Jul 2021,45484,196,"240-480",430.920763345352
"910","92688",Aug 2021,45484,310,">480",681.558350189077
"911","92688",Sep 2021,45484,93,"120-240",204.467505056723
"912","92691",Mar 2020,48837,10,"5-30",20.4762782316686
"913","92691",Apr 2020,48837,10,"5-30",20.4762782316686
"914","92691",May 2020,48837,22,"30-60",45.0478121096709
"915","92691",Jun 2020,48837,138,"240-480",282.572639597027
"916","92691",Jul 2020,48837,188,"240-480",384.95403075537
"917","92691",Aug 2020,48837,49,"60-120",100.333763335176
"918","92691",Sep 2020,48837,68,"120-240",139.238691975347
"919","92691",Oct 2020,48837,66,"120-240",135.143436329013
"920","92691",Nov 2020,48837,255,">480",522.14509490755
"921","92691",Dec 2020,48837,840,">480",1720.00737146016
"922","92691",Jan 2021,48837,616,">480",1261.33873907079
"923","92691",Feb 2021,48837,154,"240-480",315.334684767697
"924","92691",Mar 2021,48837,43,"60-120",88.047996396175
"925","92691",Apr 2021,48837,29,"30-60",59.381206871839
"926","92691",May 2021,48837,23,"30-60",47.0954399328378
"927","92691",Jun 2021,48837,11,"5-30",22.5239060548355
"928","92691",Jul 2021,48837,180,"240-480",368.573008170035
"929","92691",Aug 2021,48837,353,">480",722.812621577902
"930","92691",Sep 2021,48837,63,"120-240",129.000552859512
"931","92692",Mar 2020,48026,16,"30-60",33.3152875525757
"932","92692",Apr 2020,48026,11,"5-30",22.9042601923958
"933","92692",May 2020,48026,12,"5-30",24.9864656644318
"934","92692",Jun 2020,48026,99,"120-240",206.138341731562
"935","92692",Jul 2020,48026,117,"240-480",243.61804022821
"936","92692",Aug 2020,48026,42,"60-120",87.4526298255112
"937","92692",Sep 2020,48026,46,"60-120",95.7814517136551
"938","92692",Oct 2020,48026,53,"60-120",110.356890017907
"939","92692",Nov 2020,48026,194,"240-480",403.94786157498
"940","92692",Dec 2020,48026,566,">480",1178.52829717237
"941","92692",Jan 2021,48026,587,">480",1222.25461208512
"942","92692",Feb 2021,48026,123,"240-480",256.111273060426
"943","92692",Mar 2021,48026,49,"60-120",102.028068129763
"944","92692",Apr 2021,48026,34,"60-120",70.7949860492233
"945","92692",May 2021,48026,16,"30-60",33.3152875525757
"946","92692",Jun 2021,48026,10,"5-30",20.8220547203598
"947","92692",Jul 2021,48026,138,"240-480",287.344355140965
"948","92692",Aug 2021,48026,288,">480",599.675175946362
"949","92692",Sep 2021,48026,49,"60-120",102.028068129763
"950","92694",Mar 2020,32279,7,"5-30",21.6859258341336
"951","92694",Apr 2020,32279,8,"5-30",24.7839152390099
"952","92694",May 2020,32279,6,"5-30",18.5879364292574
"953","92694",Jun 2020,32279,75,"120-240",232.349205365718
"954","92694",Jul 2020,32279,79,"240-480",244.741162985223
"955","92694",Aug 2020,32279,25,"60-120",77.4497351219059
"956","92694",Sep 2020,32279,27,"60-120",83.6457139316583
"957","92694",Oct 2020,32279,32,"60-120",99.1356609560395
"958","92694",Nov 2020,32279,133,"240-480",412.032590848539
"959","92694",Dec 2020,32279,397,">480",1229.90179373587
"960","92694",Jan 2021,32279,340,">480",1053.31639765792
"961","92694",Feb 2021,32279,73,"120-240",226.153226555965
"962","92694",Mar 2021,32279,23,"60-120",71.2537563121534
"963","92694",Apr 2021,32279,24,"60-120",74.3517457170296
"964","92694",May 2021,32279,9,"5-30",27.8819046438861
"965","92694",Jun 2021,32279,13,"30-60",40.2738622633911
"966","92694",Jul 2021,32279,112,"240-480",346.974813346138
"967","92694",Aug 2021,32279,257,">480",796.183277053192
"968","92694",Sep 2021,32279,67,"120-240",207.565290126708
"969","92701",Mar 2020,55137,8,"5-30",14.509313165388
"970","92701",Apr 2020,55137,40,"60-120",72.5465658269402
"971","92701",May 2020,55137,277,">480",502.384968351561
"972","92701",Jun 2020,55137,446,">480",808.894208970383
"973","92701",Jul 2020,55137,642,">480",1164.37238152239
"974","92701",Aug 2020,55137,293,">480",531.403594682337
"975","92701",Sep 2020,55137,148,"240-480",268.422293559679
"976","92701",Oct 2020,55137,171,"240-480",310.136568910169
"977","92701",Nov 2020,55137,688,">480",1247.80093222337
"978","92701",Dec 2020,55137,2581,">480",4681.06715998331
"979","92701",Jan 2021,55137,1655,">480",3001.61416108965
"980","92701",Feb 2021,55137,260,"240-480",471.552677875111
"981","92701",Mar 2021,55137,68,"120-240",123.329161905798
"982","92701",Apr 2021,55137,27,"30-60",48.9689319331846
"983","92701",May 2021,55137,11,"5-30",19.9503056024085
"984","92701",Jun 2021,55137,19,"30-60",34.4596187677966
"985","92701",Jul 2021,55137,137,"240-480",248.47198795727
"986","92701",Aug 2021,55137,258,"240-480",467.925349583764
"987","92701",Sep 2021,55137,56,"60-120",101.565192157716
"988","92703",Mar 2020,68242,8,"5-30",11.7229858444946
"989","92703",Apr 2020,68242,283,"240-480",414.700624248996
"990","92703",May 2020,68242,353,">480",517.276750388324
"991","92703",Jun 2020,68242,517,">480",757.597960200463
"992","92703",Jul 2020,68242,817,">480",1197.20992936901
"993","92703",Aug 2020,68242,306,"240-480",448.404208551918
"994","92703",Sep 2020,68242,217,"240-480",317.985991031916
"995","92703",Oct 2020,68242,260,"240-480",380.997039946074
"996","92703",Nov 2020,68242,1120,">480",1641.21801822924
"997","92703",Dec 2020,68242,4354,">480",6380.23504586618
"998","92703",Jan 2021,68242,2084,">480",3053.83781249084
"999","92703",Feb 2021,68242,375,">480",549.514961460684
"1000","92703",Mar 2021,68242,130,"120-240",190.498519973037
"1001","92703",Apr 2021,68242,64,"60-120",93.7838867559567
"1002","92703",May 2021,68242,26,"30-60",38.0997039946074
"1003","92703",Jun 2021,68242,22,"30-60",32.2382110723601
"1004","92703",Jul 2021,68242,173,"240-480",253.509568887196
"1005","92703",Aug 2021,68242,370,">480",542.188095307875
"1006","92703",Sep 2021,68242,160,"120-240",234.459716889892
"1007","92704",Mar 2020,89021,12,"5-30",13.4799654014221
"1008","92704",Apr 2020,89021,80,"60-120",89.8664360094809
"1009","92704",May 2020,89021,222,"240-480",249.37935992631
"1010","92704",Jun 2020,89021,773,">480",868.334437941609
"1011","92704",Jul 2020,89021,933,">480",1048.06730996057
"1012","92704",Aug 2020,89021,313,"240-480",351.602430887094
"1013","92704",Sep 2020,89021,267,"240-480",299.929230181643
"1014","92704",Oct 2020,89021,282,"240-480",316.77918693342
"1015","92704",Nov 2020,89021,1146,">480",1287.33669583581
"1016","92704",Dec 2020,89021,4114,">480",4621.38147178756
"1017","92704",Jan 2021,89021,2807,">480",3153.18857348266
"1018","92704",Feb 2021,89021,434,">480",487.525415351434
"1019","92704",Mar 2021,89021,137,"120-240",153.896271666236
"1020","92704",Apr 2021,89021,57,"60-120",64.0298356567552
"1021","92704",May 2021,89021,30,"30-60",33.6999135035553
"1022","92704",Jun 2021,89021,33,"30-60",37.0699048539109
"1023","92704",Jul 2021,89021,185,"120-240",207.816133271925
"1024","92704",Aug 2021,89021,474,">480",532.458633356174
"1025","92704",Sep 2021,89021,153,"120-240",171.869558868132
"1026","92705",Mar 2020,47039,9,"5-30",19.1330598014414
"1027","92705",Apr 2020,47039,18,"30-60",38.2661196028827
"1028","92705",May 2020,47039,52,"60-120",110.546567741661
"1029","92705",Jun 2020,47039,212,"240-480",450.689853100619
"1030","92705",Jul 2020,47039,349,">480",741.937541189226
"1031","92705",Aug 2020,47039,116,"240-480",246.603881885244
"1032","92705",Sep 2020,47039,87,"120-240",184.952911413933
"1033","92705",Oct 2020,47039,132,"240-480",280.61821042114
"1034","92705",Nov 2020,47039,422,">480",897.12791513425
"1035","92705",Dec 2020,47039,1340,">480",2848.70001488127
"1036","92705",Jan 2021,47039,929,">480",1974.95695061545
"1037","92705",Feb 2021,47039,164,"240-480",348.646867492931
"1038","92705",Mar 2021,47039,58,"120-240",123.301940942622
"1039","92705",Apr 2021,47039,44,"60-120",93.5394034737133
"1040","92705",May 2021,47039,16,"30-60",34.0143285358957
"1041","92705",Jun 2021,47039,16,"30-60",34.0143285358957
"1042","92705",Jul 2021,47039,167,"240-480",355.024554093412
"1043","92705",Aug 2021,47039,352,">480",748.315227789706
"1044","92705",Sep 2021,47039,80,"120-240",170.071642679479
"1045","92706",Mar 2020,37260,5,"5-30",13.419216317767
"1046","92706",Apr 2020,37260,29,"60-120",77.8314546430488
"1047","92706",May 2020,37260,164,"240-480",440.150295222759
"1048","92706",Jun 2020,37260,266,">480",713.902308105207
"1049","92706",Jul 2020,37260,405,">480",1086.95652173913
"1050","92706",Aug 2020,37260,168,"240-480",450.885668276973
"1051","92706",Sep 2020,37260,86,"120-240",230.810520665593
"1052","92706",Oct 2020,37260,107,"240-480",287.171229200215
"1053","92706",Nov 2020,37260,456,">480",1223.83252818035
"1054","92706",Dec 2020,37260,1677,">480",4500.80515297907
"1055","92706",Jan 2021,37260,1127,">480",3024.69135802469
"1056","92706",Feb 2021,37260,170,"240-480",456.253354804079
"1057","92706",Mar 2021,37260,65,"120-240",174.449812130972
"1058","92706",Apr 2021,37260,22,"30-60",59.044551798175
"1059","92706",May 2021,37260,12,"30-60",32.2061191626409
"1060","92706",Jun 2021,37260,9,"5-30",24.1545893719807
"1061","92706",Jul 2021,37260,112,"240-480",300.590445517982
"1062","92706",Aug 2021,37260,227,">480",609.232420826624
"1063","92706",Sep 2021,37260,55,"120-240",147.611379495437
"1064","92707",Mar 2020,62175,5,"5-30",8.04181745074387
"1065","92707",Apr 2020,62175,52,"60-120",83.6349014877362
"1066","92707",May 2020,62175,199,"240-480",320.064334539606
"1067","92707",Jun 2020,62175,545,">480",876.558102131082
"1068","92707",Jul 2020,62175,773,">480",1243.264977885
"1069","92707",Aug 2020,62175,328,">480",527.543224768798
"1070","92707",Sep 2020,62175,256,"240-480",411.741053478086
"1071","92707",Oct 2020,62175,263,"240-480",422.999597909127
"1072","92707",Nov 2020,62175,868,">480",1396.05950944914
"1073","92707",Dec 2020,62175,3282,">480",5278.64897466827
"1074","92707",Jan 2021,62175,2000,">480",3216.72698029755
"1075","92707",Feb 2021,62175,353,">480",567.752312022517
"1076","92707",Mar 2021,62175,90,"120-240",144.75271411339
"1077","92707",Apr 2021,62175,43,"60-120",69.1596300763973
"1078","92707",May 2021,62175,26,"30-60",41.8174507438681
"1079","92707",Jun 2021,62175,26,"30-60",41.8174507438681
"1080","92707",Jul 2021,62175,182,"240-480",292.722155207077
"1081","92707",Aug 2021,62175,318,">480",511.45958986731
"1082","92707",Sep 2021,62175,95,"120-240",152.794531564133
"1083","92708",Mar 2020,57354,13,"5-30",22.6662482128535
"1084","92708",Apr 2020,57354,18,"30-60",31.3840359870279
"1085","92708",May 2020,57354,33,"30-60",57.5373993095512
"1086","92708",Jun 2020,57354,127,"120-240",221.43180946403
"1087","92708",Jul 2020,57354,221,"240-480",385.32621961851
"1088","92708",Aug 2020,57354,71,"120-240",123.792586393277
"1089","92708",Sep 2020,57354,30,"30-60",52.3067266450465
"1090","92708",Oct 2020,57354,73,"120-240",127.279701502947
"1091","92708",Nov 2020,57354,379,">480",660.808313282421
"1092","92708",Dec 2020,57354,1286,">480",2242.21501551766
"1093","92708",Jan 2021,57354,968,">480",1687.76371308017
"1094","92708",Feb 2021,57354,221,"240-480",385.32621961851
"1095","92708",Mar 2021,57354,75,"120-240",130.766816612616
"1096","92708",Apr 2021,57354,52,"60-120",90.664992851414
"1097","92708",May 2021,57354,29,"30-60",50.5631690902117
"1098","92708",Jun 2021,57354,30,"30-60",52.3067266450465
"1099","92708",Jul 2021,57354,193,"240-480",336.506608083133
"1100","92708",Aug 2021,57354,371,">480",646.859852843742
"1101","92708",Sep 2021,57354,84,"120-240",146.45883460613
"1102","92780",Mar 2020,57006,3,"5-30",5.26260393642774
"1103","92780",Apr 2020,57006,28,"30-60",49.1176367399923
"1104","92780",May 2020,57006,65,"60-120",114.023085289268
"1105","92780",Jun 2020,57006,275,">480",482.40536083921
"1106","92780",Jul 2020,57006,420,">480",736.764551099884
"1107","92780",Aug 2020,57006,157,"240-480",275.409606006385
"1108","92780",Sep 2020,57006,117,"120-240",205.241553520682
"1109","92780",Oct 2020,57006,147,"240-480",257.867592884959
"1110","92780",Nov 2020,57006,414,">480",726.239343227029
"1111","92780",Dec 2020,57006,1620,">480",2841.80612567098
"1112","92780",Jan 2021,57006,1383,">480",2426.06041469319
"1113","92780",Feb 2021,57006,214,"240-480",375.399080798512
"1114","92780",Mar 2021,57006,72,"120-240",126.302494474266
"1115","92780",Apr 2021,57006,54,"60-120",94.7268708556994
"1116","92780",May 2021,57006,17,"5-30",29.8214223064239
"1117","92780",Jun 2021,57006,19,"30-60",33.329824930709
"1118","92780",Jul 2021,57006,190,"240-480",333.29824930709
"1119","92780",Aug 2021,57006,345,">480",605.199452689191
"1120","92780",Sep 2021,57006,94,"120-240",164.894923341403
"1121","92782",Mar 2020,28855,5,"5-30",17.3280194073817
"1122","92782",Apr 2020,28855,4,"5-30",13.8624155259054
"1123","92782",May 2020,28855,10,"30-60",34.6560388147635
"1124","92782",Jun 2020,28855,86,"240-480",298.041933806966
"1125","92782",Jul 2020,28855,87,"240-480",301.507537688442
"1126","92782",Aug 2020,28855,24,"60-120",83.1744931554323
"1127","92782",Sep 2020,28855,36,"120-240",124.761739733149
"1128","92782",Oct 2020,28855,20,"60-120",69.312077629527
"1129","92782",Nov 2020,28855,148,">480",512.909374458499
"1130","92782",Dec 2020,28855,415,">480",1438.22561081268
"1131","92782",Jan 2021,28855,366,">480",1268.41102062034
"1132","92782",Feb 2021,28855,64,"120-240",221.798648414486
"1133","92782",Mar 2021,28855,27,"60-120",93.5713047998614
"1134","92782",Apr 2021,28855,38,"120-240",131.692947496101
"1135","92782",May 2021,28855,10,"30-60",34.6560388147635
"1136","92782",Jun 2021,28855,8,"5-30",27.7248310518108
"1137","92782",Jul 2021,28855,82,"240-480",284.17951828106
"1138","92782",Aug 2021,28855,154,">480",533.702997747357
"1139","92782",Sep 2021,28855,32,"60-120",110.899324207243
"1140","92801",Mar 2020,63542,10,"5-30",15.7376223600138
"1141","92801",Apr 2020,63542,63,"60-120",99.1470208680873
"1142","92801",May 2020,63542,131,"120-240",206.162852916181
"1143","92801",Jun 2020,63542,447,">480",703.471719492619
"1144","92801",Jul 2020,63542,616,">480",969.437537376853
"1145","92801",Aug 2020,63542,255,"240-480",401.309370180353
"1146","92801",Sep 2020,63542,133,"120-240",209.310377388184
"1147","92801",Oct 2020,63542,188,"240-480",295.86730036826
"1148","92801",Nov 2020,63542,738,">480",1161.43653016902
"1149","92801",Dec 2020,63542,2843,">480",4474.20603695194
"1150","92801",Jan 2021,63542,1933,">480",3042.08240219068
"1151","92801",Feb 2021,63542,341,">480",536.652922476472
"1152","92801",Mar 2021,63542,112,"120-240",176.261370432155
"1153","92801",Apr 2021,63542,60,"60-120",94.4257341600831
"1154","92801",May 2021,63542,26,"30-60",40.917818136036
"1155","92801",Jun 2021,63542,27,"30-60",42.4915803720374
"1156","92801",Jul 2021,63542,221,"240-480",347.801454156306
"1157","92801",Aug 2021,63542,395,">480",621.636083220547
"1158","92801",Sep 2021,63542,103,"120-240",162.097510308143
"1159","92802",Mar 2020,44506,9,"5-30",20.2219925403316
"1160","92802",Apr 2020,44506,17,"30-60",38.1970970206264
"1161","92802",May 2020,44506,116,"240-480",260.639014964274
"1162","92802",Jun 2020,44506,322,">480",723.497955331865
"1163","92802",Jul 2020,44506,458,">480",1029.07473149688
"1164","92802",Aug 2020,44506,177,"240-480",397.699186626522
"1165","92802",Sep 2020,44506,102,"120-240",229.182582123759
"1166","92802",Oct 2020,44506,119,"240-480",267.379679144385
"1167","92802",Nov 2020,44506,487,">480",1094.23448523795
"1168","92802",Dec 2020,44506,1992,">480",4475.8010155934
"1169","92802",Jan 2021,44506,1333,">480",2995.10178402912
"1170","92802",Feb 2021,44506,227,">480",510.043589628365
"1171","92802",Mar 2021,44506,62,"120-240",139.307059722285
"1172","92802",Apr 2021,44506,44,"60-120",98.8630746416214
"1173","92802",May 2021,44506,16,"30-60",35.9502089605896
"1174","92802",Jun 2021,44506,18,"30-60",40.4439850806633
"1175","92802",Jul 2021,44506,151,"240-480",339.280097065564
"1176","92802",Aug 2021,44506,271,">480",608.906664269986
"1177","92802",Sep 2021,44506,76,"120-240",170.763492562801
"1178","92804",Mar 2020,92468,16,"5-30",17.3032832980058
"1179","92804",Apr 2020,92468,106,"60-120",114.634251849288
"1180","92804",May 2020,92468,239,"240-480",258.467794263962
"1181","92804",Jun 2020,92468,617,">480",667.257862179349
"1182","92804",Jul 2020,92468,801,">480",866.245620106415
"1183","92804",Aug 2020,92468,335,"240-480",362.287494051996
"1184","92804",Sep 2020,92468,226,"240-480",244.408876584332
"1185","92804",Oct 2020,92468,234,"240-480",253.060518233335
"1186","92804",Nov 2020,92468,854,">480",923.562746031059
"1187","92804",Dec 2020,92468,3865,">480",4179.82437167453
"1188","92804",Jan 2021,92468,2412,">480",2608.46995717437
"1189","92804",Feb 2021,92468,468,">480",506.12103646667
"1190","92804",Mar 2021,92468,138,"120-240",149.2408184453
"1191","92804",Apr 2021,92468,58,"60-120",62.724401955271
"1192","92804",May 2021,92468,51,"30-60",55.1542155123935
"1193","92804",Jun 2021,92468,45,"30-60",48.6654842756413
"1194","92804",Jul 2021,92468,274,"240-480",296.318726478349
"1195","92804",Aug 2021,92468,519,">480",561.275251979063
"1196","92804",Sep 2021,92468,150,"120-240",162.218280918804
"1197","92805",Mar 2020,76299,23,"30-60",30.1445628383072
"1198","92805",Apr 2020,76299,76,"60-120",99.608120683102
"1199","92805",May 2020,76299,235,"240-480",307.998794217486
"1200","92805",Jun 2020,76299,666,">480",872.881689144026
"1201","92805",Jul 2020,76299,714,">480",935.792081154406
"1202","92805",Aug 2020,76299,370,">480",484.934271746681
"1203","92805",Sep 2020,76299,214,"240-480",280.475497712945
"1204","92805",Oct 2020,76299,279,"240-480",365.666653560335
"1205","92805",Nov 2020,76299,911,">480",1193.98681503034
"1206","92805",Dec 2020,76299,3569,">480",4677.64977260515
"1207","92805",Jan 2021,76299,2414,">480",3163.86846485537
"1208","92805",Feb 2021,76299,371,">480",486.244904913564
"1209","92805",Mar 2021,76299,142,"120-240",186.109909697375
"1210","92805",Apr 2021,76299,81,"60-120",106.161286517517
"1211","92805",May 2021,76299,27,"30-60",35.3870955058389
"1212","92805",Jun 2021,76299,31,"30-60",40.6296281733706
"1213","92805",Jul 2021,76299,219,"240-480",287.02866354736
"1214","92805",Aug 2021,76299,419,">480",549.155296923944
"1215","92805",Sep 2021,76299,133,"120-240",174.314211195429
"1216","92806",Mar 2020,41759,7,"5-30",16.7628535166072
"1217","92806",Apr 2020,41759,39,"60-120",93.3930410210972
"1218","92806",May 2020,41759,83,"120-240",198.759548839771
"1219","92806",Jun 2020,41759,328,">480",785.459421921023
"1220","92806",Jul 2020,41759,376,">480",900.404703177758
"1221","92806",Aug 2020,41759,140,"240-480",335.257070332144
"1222","92806",Sep 2020,41759,85,"120-240",203.548935558802
"1223","92806",Oct 2020,41759,135,"240-480",323.283603534567
"1224","92806",Nov 2020,41759,401,">480",960.272037165641
"1225","92806",Dec 2020,41759,1628,">480",3898.56078929093
"1226","92806",Jan 2021,41759,1100,">480",2634.16269546685
"1227","92806",Feb 2021,41759,227,">480",543.595392609976
"1228","92806",Mar 2021,41759,73,"120-240",174.812615244618
"1229","92806",Apr 2021,41759,41,"60-120",98.1824277401279
"1230","92806",May 2021,41759,24,"30-60",57.4726406283675
"1231","92806",Jun 2021,41759,22,"30-60",52.6832539093369
"1232","92806",Jul 2021,41759,121,"240-480",289.757896501353
"1233","92806",Aug 2021,41759,277,">480",663.330060585742
"1234","92806",Sep 2021,41759,59,"120-240",141.286908211404
"1235","92807",Mar 2020,37263,9,"5-30",24.1526447145962
"1236","92807",Apr 2020,37263,12,"30-60",32.2035262861283
"1237","92807",May 2020,37263,21,"30-60",56.3561710007246
"1238","92807",Jun 2020,37263,122,"240-480",327.402517242305
"1239","92807",Jul 2020,37263,176,"240-480",472.318385529882
"1240","92807",Aug 2020,37263,69,"120-240",185.170276145238
"1241","92807",Sep 2020,37263,52,"120-240",139.548613906556
"1242","92807",Oct 2020,37263,81,"120-240",217.373802431366
"1243","92807",Nov 2020,37263,288,">480",772.88463086708
"1244","92807",Dec 2020,37263,944,">480",2533.3440678421
"1245","92807",Jan 2021,37263,679,">480",1822.18286235676
"1246","92807",Feb 2021,37263,133,"240-480",356.922416337922
"1247","92807",Mar 2021,37263,56,"120-240",150.283122668599
"1248","92807",Apr 2021,37263,51,"120-240",136.864986716045
"1249","92807",May 2021,37263,6,"5-30",16.1017631430642
"1250","92807",Jun 2021,37263,27,"60-120",72.4579341437887
"1251","92807",Jul 2021,37263,176,"240-480",472.318385529882
"1252","92807",Aug 2021,37263,314,">480",842.658937820358
"1253","92807",Sep 2021,37263,99,"240-480",265.679091860559
"1254","92808",Mar 2020,21301,7,"30-60",32.8623069339468
"1255","92808",Apr 2020,21301,7,"30-60",32.8623069339468
"1256","92808",May 2020,21301,8,"30-60",37.5569222102249
"1257","92808",Jun 2020,21301,47,"120-240",220.646917985071
"1258","92808",Jul 2020,21301,97,"240-480",455.377681798977
"1259","92808",Aug 2020,21301,27,"120-240",126.754612459509
"1260","92808",Sep 2020,21301,23,"60-120",107.976151354397
"1261","92808",Oct 2020,21301,24,"60-120",112.670766630675
"1262","92808",Nov 2020,21301,124,">480",582.132294258486
"1263","92808",Dec 2020,21301,420,">480",1971.73841603681
"1264","92808",Jan 2021,21301,359,">480",1685.36688418384
"1265","92808",Feb 2021,21301,64,"240-480",300.455377681799
"1266","92808",Mar 2021,21301,19,"60-120",89.1976902492841
"1267","92808",Apr 2021,21301,20,"60-120",93.8923055255622
"1268","92808",May 2021,21301,7,"30-60",32.8623069339468
"1269","92808",Jun 2021,21301,7,"30-60",32.8623069339468
"1270","92808",Jul 2021,21301,83,"240-480",389.653067931083
"1271","92808",Aug 2021,21301,171,">480",802.779212243557
"1272","92808",Sep 2021,21301,55,"240-480",258.203840195296
"1273","92821",Mar 2020,39917,5,"5-30",12.5259914322219
"1274","92821",Apr 2020,39917,8,"5-30",20.041586291555
"1275","92821",May 2020,39917,28,"60-120",70.1455520204424
"1276","92821",Jun 2020,39917,125,"240-480",313.149785805547
"1277","92821",Jul 2020,39917,183,"240-480",458.45128641932
"1278","92821",Aug 2020,39917,63,"120-240",157.827492045995
"1279","92821",Sep 2020,39917,38,"60-120",95.1975348848861
"1280","92821",Oct 2020,39917,90,"120-240",225.467845779993
"1281","92821",Nov 2020,39917,271,">480",678.908735626425
"1282","92821",Dec 2020,39917,867,">480",2172.00691434727
"1283","92821",Jan 2021,39917,514,">480",1287.67191923241
"1284","92821",Feb 2021,39917,141,"240-480",353.232958388656
"1285","92821",Mar 2021,39917,35,"60-120",87.681940025553
"1286","92821",Apr 2021,39917,33,"60-120",82.6715434526643
"1287","92821",May 2021,39917,17,"30-60",42.5883708695543
"1288","92821",Jun 2021,39917,15,"30-60",37.5779742966656
"1289","92821",Jul 2021,39917,170,"240-480",425.883708695543
"1290","92821",Aug 2021,39917,302,">480",756.5698825062
"1291","92821",Sep 2021,39917,76,"120-240",190.395069769772
"1292","92823",Mar 2020,5076,1,"5-30",19.7005516154452
"1293","92823",Apr 2020,5076,4,"60-120",78.8022064617809
"1294","92823",May 2020,5076,1,"5-30",19.7005516154452
"1295","92823",Jun 2020,5076,13,"240-480",256.107171000788
"1296","92823",Jul 2020,5076,12,"120-240",236.406619385343
"1297","92823",Aug 2020,5076,8,"120-240",157.604412923562
"1298","92823",Sep 2020,5076,6,"60-120",118.203309692671
"1299","92823",Oct 2020,5076,11,"120-240",216.706067769898
"1300","92823",Nov 2020,5076,33,">480",650.118203309693
"1301","92823",Dec 2020,5076,109,">480",2147.36012608353
"1302","92823",Jan 2021,5076,118,">480",2324.66509062254
"1303","92823",Feb 2021,5076,7,"120-240",137.903861308117
"1304","92823",Mar 2021,5076,6,"60-120",118.203309692671
"1305","92823",Apr 2021,5076,8,"120-240",157.604412923562
"1306","92823",May 2021,5076,2,"30-60",39.4011032308905
"1307","92823",Jun 2021,5076,2,"30-60",39.4011032308905
"1308","92823",Jul 2021,5076,21,"240-480",413.71158392435
"1309","92823",Aug 2021,5076,32,">480",630.417651694247
"1310","92823",Sep 2021,5076,8,"120-240",157.604412923562
"1311","92831",Mar 2020,35725,1,"0-5",2.79916025192442
"1312","92831",Apr 2020,35725,38,"60-120",106.368089573128
"1313","92831",May 2020,35725,50,"120-240",139.958012596221
"1314","92831",Jun 2020,35725,186,">480",520.643806857943
"1315","92831",Jul 2020,35725,238,">480",666.200139958013
"1316","92831",Aug 2020,35725,90,"240-480",251.924422673198
"1317","92831",Sep 2020,35725,75,"120-240",209.937018894332
"1318","92831",Oct 2020,35725,92,"240-480",257.522743177047
"1319","92831",Nov 2020,35725,299,">480",836.948915325402
"1320","92831",Dec 2020,35725,912,">480",2552.83414975507
"1321","92831",Jan 2021,35725,781,">480",2186.14415675297
"1322","92831",Feb 2021,35725,143,"240-480",400.279916025192
"1323","92831",Mar 2021,35725,42,"60-120",117.564730580826
"1324","92831",Apr 2021,35725,44,"120-240",123.163051084675
"1325","92831",May 2021,35725,16,"30-60",44.7865640307908
"1326","92831",Jun 2021,35725,26,"60-120",72.778166550035
"1327","92831",Jul 2021,35725,138,"240-480",386.28411476557
"1328","92831",Aug 2021,35725,227,">480",635.409377186844
"1329","92831",Sep 2021,35725,66,"120-240",184.744576627012
"1330","92832",Mar 2020,26225,7,"5-30",26.6920877025739
"1331","92832",Apr 2020,26225,8,"30-60",30.5052430886559
"1332","92832",May 2020,26225,32,"120-240",122.020972354623
"1333","92832",Jun 2020,26225,202,">480",770.257387988561
"1334","92832",Jul 2020,26225,246,">480",938.036224976168
"1335","92832",Aug 2020,26225,77,"240-480",293.612964728313
"1336","92832",Sep 2020,26225,37,"120-240",141.086749285033
"1337","92832",Oct 2020,26225,80,"240-480",305.052430886559
"1338","92832",Nov 2020,26225,239,">480",911.344137273594
"1339","92832",Dec 2020,26225,911,">480",3473.78455672069
"1340","92832",Jan 2021,26225,734,">480",2798.85605338418
"1341","92832",Feb 2021,26225,129,">480",491.897044804576
"1342","92832",Mar 2021,26225,50,"120-240",190.657769304099
"1343","92832",Apr 2021,26225,27,"60-120",102.955195424214
"1344","92832",May 2021,26225,12,"30-60",45.7578646329838
"1345","92832",Jun 2021,26225,19,"60-120",72.4499523355577
"1346","92832",Jul 2021,26225,108,"240-480",411.820781696854
"1347","92832",Aug 2021,26225,211,">480",804.575786463298
"1348","92832",Sep 2021,26225,55,"120-240",209.723546234509
"1349","92833",Mar 2020,55716,5,"5-30",8.97408284873286
"1350","92833",Apr 2020,55716,25,"30-60",44.8704142436643
"1351","92833",May 2020,55716,51,"60-120",91.5356450570752
"1352","92833",Jun 2020,55716,240,"240-480",430.755976739177
"1353","92833",Jul 2020,55716,319,">480",572.546485749156
"1354","92833",Aug 2020,55716,119,"120-240",213.583171799842
"1355","92833",Sep 2020,55716,81,"120-240",145.380142149472
"1356","92833",Oct 2020,55716,152,"240-480",272.812118601479
"1357","92833",Nov 2020,55716,407,">480",730.490343886855
"1358","92833",Dec 2020,55716,1439,">480",2582.74104386532
"1359","92833",Jan 2021,55716,1008,">480",1809.17510230454
"1360","92833",Feb 2021,55716,188,"240-480",337.425515112356
"1361","92833",Mar 2021,55716,63,"60-120",113.073443894034
"1362","92833",Apr 2021,55716,35,"60-120",62.81857994113
"1363","92833",May 2021,55716,16,"5-30",28.7170651159452
"1364","92833",Jun 2021,55716,20,"30-60",35.8963313949314
"1365","92833",Jul 2021,55716,133,"120-240",238.710603776294
"1366","92833",Aug 2021,55716,362,">480",649.723598248259
"1367","92833",Sep 2021,55716,105,"120-240",188.45573982339
"1368","92835",Mar 2020,26247,5,"5-30",19.049796167181
"1369","92835",Apr 2020,26247,2,"5-30",7.6199184668724
"1370","92835",May 2020,26247,9,"30-60",34.2896331009258
"1371","92835",Jun 2020,26247,106,"240-480",403.855678744237
"1372","92835",Jul 2020,26247,80,"240-480",304.796738674896
"1373","92835",Aug 2020,26247,83,"240-480",316.226616375205
"1374","92835",Sep 2020,26247,120,"240-480",457.195108012344
"1375","92835",Oct 2020,26247,56,"120-240",213.357717072427
"1376","92835",Nov 2020,26247,129,">480",491.48474111327
"1377","92835",Dec 2020,26247,502,">480",1912.59953518497
"1378","92835",Jan 2021,26247,405,">480",1543.03348954166
"1379","92835",Feb 2021,26247,93,"240-480",354.326208709567
"1380","92835",Mar 2021,26247,20,"60-120",76.199184668724
"1381","92835",Apr 2021,26247,22,"60-120",83.8191031355964
"1382","92835",May 2021,26247,10,"30-60",38.099592334362
"1383","92835",Jun 2021,26247,11,"30-60",41.9095515677982
"1384","92835",Jul 2021,26247,102,"240-480",388.615841810493
"1385","92835",Aug 2021,26247,153,">480",582.923762715739
"1386","92835",Sep 2021,26247,44,"120-240",167.638206271193
"1387","92840",Mar 2020,55661,3,"5-30",5.38977021612979
"1388","92840",Apr 2020,55661,24,"30-60",43.1181617290383
"1389","92840",May 2020,55661,78,"120-240",140.134025619374
"1390","92840",Jun 2020,55661,296,">480",531.790661324805
"1391","92840",Jul 2020,55661,367,">480",659.348556439877
"1392","92840",Aug 2020,55661,131,"120-240",235.353299437667
"1393","92840",Sep 2020,55661,155,"240-480",278.471461166706
"1394","92840",Oct 2020,55661,138,"240-480",247.92942994197
"1395","92840",Nov 2020,55661,526,">480",945.006377894756
"1396","92840",Dec 2020,55661,2040,">480",3665.04374696825
"1397","92840",Jan 2021,55661,1514,">480",2720.0373690735
"1398","92840",Feb 2021,55661,311,">480",558.739512405454
"1399","92840",Mar 2021,55661,74,"120-240",132.947665331201
"1400","92840",Apr 2021,55661,29,"30-60",52.1011120892546
"1401","92840",May 2021,55661,25,"30-60",44.9147518010815
"1402","92840",Jun 2021,55661,30,"30-60",53.8977021612979
"1403","92840",Jul 2021,55661,161,"240-480",289.251001598965
"1404","92840",Aug 2021,55661,304,">480",546.163381901152
"1405","92840",Sep 2021,55661,79,"120-240",141.930615691418
"1406","92841",Mar 2020,33921,5,"5-30",14.7401314819728
"1407","92841",Apr 2020,33921,20,"30-60",58.9605259278913
"1408","92841",May 2020,33921,49,"120-240",144.453288523334
"1409","92841",Jun 2020,33921,139,"240-480",409.775655198844
"1410","92841",Jul 2020,33921,167,">480",492.320391497892
"1411","92841",Aug 2020,33921,66,"120-240",194.569735562041
"1412","92841",Sep 2020,33921,38,"60-120",112.024999262993
"1413","92841",Oct 2020,33921,55,"120-240",162.141446301701
"1414","92841",Nov 2020,33921,323,">480",952.212493735444
"1415","92841",Dec 2020,33921,1160,">480",3419.71050381769
"1416","92841",Jan 2021,33921,808,">480",2382.00524748681
"1417","92841",Feb 2021,33921,160,"240-480",471.68420742313
"1418","92841",Mar 2021,33921,42,"120-240",123.817104448572
"1419","92841",Apr 2021,33921,37,"60-120",109.076972966599
"1420","92841",May 2021,33921,15,"30-60",44.2203944459185
"1421","92841",Jun 2021,33921,8,"5-30",23.5842103711565
"1422","92841",Jul 2021,33921,89,"240-480",262.374340379116
"1423","92841",Aug 2021,33921,194,">480",571.917101500545
"1424","92841",Sep 2021,33921,31,"60-120",91.3888151882315
"1425","92843",Mar 2020,48185,6,"5-30",12.4520078862717
"1426","92843",Apr 2020,48185,40,"60-120",83.0133859084777
"1427","92843",May 2020,48185,86,"120-240",178.478779703227
"1428","92843",Jun 2020,48185,236,">480",489.778976860019
"1429","92843",Jul 2020,48185,351,">480",728.442461346892
"1430","92843",Aug 2020,48185,159,"240-480",329.978208986199
"1431","92843",Sep 2020,48185,70,"120-240",145.273425339836
"1432","92843",Oct 2020,48185,89,"120-240",184.704783646363
"1433","92843",Nov 2020,48185,461,">480",956.729272595206
"1434","92843",Dec 2020,48185,1769,">480",3671.26699180243
"1435","92843",Jan 2021,48185,1292,">480",2681.33236484383
"1436","92843",Feb 2021,48185,263,">480",545.813012348241
"1437","92843",Mar 2021,48185,105,"120-240",217.910138009754
"1438","92843",Apr 2021,48185,29,"60-120",60.1847047836464
"1439","92843",May 2021,48185,9,"5-30",18.6780118294075
"1440","92843",Jun 2021,48185,15,"30-60",31.1300197156792
"1441","92843",Jul 2021,48185,123,"240-480",255.266161668569
"1442","92843",Aug 2021,48185,257,">480",533.36100446197
"1443","92843",Sep 2021,48185,53,"60-120",109.992736328733
"1444","92844",Mar 2020,26068,4,"5-30",15.3444836581249
"1445","92844",Apr 2020,26068,17,"60-120",65.2140555470308
"1446","92844",May 2020,26068,18,"60-120",69.0501764615621
"1447","92844",Jun 2020,26068,73,"240-480",280.036826760779
"1448","92844",Jul 2020,26068,114,"240-480",437.31778425656
"1449","92844",Aug 2020,26068,60,"120-240",230.167254871874
"1450","92844",Sep 2020,26068,26,"60-120",99.7391437778119
"1451","92844",Oct 2020,26068,26,"60-120",99.7391437778119
"1452","92844",Nov 2020,26068,185,">480",709.682369188277
"1453","92844",Dec 2020,26068,749,">480",2873.25456498389
"1454","92844",Jan 2021,26068,580,">480",2224.95013042811
"1455","92844",Feb 2021,26068,108,"240-480",414.301058769372
"1456","92844",Mar 2021,26068,59,"120-240",226.331133957342
"1457","92844",Apr 2021,26068,19,"60-120",72.8862973760933
"1458","92844",May 2021,26068,8,"30-60",30.6889673162498
"1459","92844",Jun 2021,26068,16,"60-120",61.3779346324996
"1460","92844",Jul 2021,26068,56,"120-240",214.822771213749
"1461","92844",Aug 2021,26068,102,"240-480",391.284333282185
"1462","92844",Sep 2021,26068,30,"60-120",115.083627435937
"1463","92845",Mar 2020,16541,3,"5-30",18.136751103319
"1464","92845",Apr 2020,16541,4,"5-30",24.1823348044254
"1465","92845",May 2020,16541,8,"30-60",48.3646696088507
"1466","92845",Jun 2020,16541,36,"120-240",217.641013239828
"1467","92845",Jul 2020,16541,52,"240-480",314.37035245753
"1468","92845",Aug 2020,16541,18,"60-120",108.820506619914
"1469","92845",Sep 2020,16541,12,"60-120",72.5470044132761
"1470","92845",Oct 2020,16541,15,"60-120",90.6837555165951
"1471","92845",Nov 2020,16541,102,">480",616.649537512847
"1472","92845",Dec 2020,16541,344,">480",2079.68079318058
"1473","92845",Jan 2021,16541,307,">480",1855.99419623965
"1474","92845",Feb 2021,16541,67,"240-480",405.054107974125
"1475","92845",Mar 2021,16541,15,"60-120",90.6837555165951
"1476","92845",Apr 2021,16541,18,"60-120",108.820506619914
"1477","92845",May 2021,16541,5,"30-60",30.2279185055317
"1478","92845",Jun 2021,16541,11,"60-120",66.5014207121698
"1479","92845",Jul 2021,16541,90,">480",544.102533099571
"1480","92845",Aug 2021,16541,117,">480",707.333293029442
"1481","92845",Sep 2021,16541,39,"120-240",235.777764343147
"1482","92861",Mar 2020,5864,4,"60-120",68.212824010914
"1483","92861",Apr 2020,5864,1,"5-30",17.0532060027285
"1484","92861",May 2020,5864,4,"60-120",68.212824010914
"1485","92861",Jun 2020,5864,24,"240-480",409.276944065484
"1486","92861",Jul 2020,5864,12,"120-240",204.638472032742
"1487","92861",Aug 2020,5864,2,"30-60",34.106412005457
"1488","92861",Sep 2020,5864,3,"30-60",51.1596180081855
"1489","92861",Oct 2020,5864,13,"120-240",221.691678035471
"1490","92861",Nov 2020,5864,34,">480",579.809004092769
"1491","92861",Dec 2020,5864,87,">480",1483.62892223738
"1492","92861",Jan 2021,5864,79,">480",1347.20327421555
"1493","92861",Feb 2021,5864,13,"120-240",221.691678035471
"1494","92861",Mar 2021,5864,3,"30-60",51.1596180081855
"1495","92861",Apr 2021,5864,2,"30-60",34.106412005457
"1496","92861",May 2021,5864,1,"5-30",17.0532060027285
"1497","92861",Jun 2021,5864,1,"5-30",17.0532060027285
"1498","92861",Jul 2021,5864,30,">480",511.596180081855
"1499","92861",Aug 2021,5864,35,">480",596.862210095498
"1500","92861",Sep 2021,5864,2,"30-60",34.106412005457
"1501","92865",Mar 2020,21028,3,"5-30",14.2666920296747
"1502","92865",Apr 2020,21028,9,"30-60",42.8000760890242
"1503","92865",May 2020,21028,21,"60-120",99.866844207723
"1504","92865",Jun 2020,21028,98,"240-480",466.045272969374
"1505","92865",Jul 2020,21028,116,">480",551.645425147423
"1506","92865",Aug 2020,21028,43,"120-240",204.489252425338
"1507","92865",Sep 2020,21028,36,"120-240",171.200304356097
"1508","92865",Oct 2020,21028,48,"120-240",228.267072474796
"1509","92865",Nov 2020,21028,212,">480",1008.17957009701
"1510","92865",Dec 2020,21028,682,">480",3243.29465474605
"1511","92865",Jan 2021,21028,451,">480",2144.7593684611
"1512","92865",Feb 2021,21028,89,"240-480",423.24519688035
"1513","92865",Mar 2021,21028,25,"60-120",118.889100247289
"1514","92865",Apr 2021,21028,15,"60-120",71.3334601483736
"1515","92865",May 2021,21028,11,"30-60",52.3112041088073
"1516","92865",Jun 2021,21028,8,"30-60",38.0445120791326
"1517","92865",Jul 2021,21028,70,"240-480",332.88948069241
"1518","92865",Aug 2021,21028,135,">480",642.001141335362
"1519","92865",Sep 2021,21028,35,"120-240",166.444740346205
"1520","92866",Mar 2020,15345,4,"5-30",26.0671228413164
"1521","92866",Apr 2020,15345,9,"30-60",58.6510263929619
"1522","92866",May 2020,15345,10,"60-120",65.167807103291
"1523","92866",Jun 2020,15345,85,">480",553.926360377973
"1524","92866",Jul 2020,15345,86,">480",560.443141088302
"1525","92866",Aug 2020,15345,30,"120-240",195.503421309873
"1526","92866",Sep 2020,15345,31,"120-240",202.020202020202
"1527","92866",Oct 2020,15345,46,"240-480",299.771912675138
"1528","92866",Nov 2020,15345,97,">480",632.127728901922
"1529","92866",Dec 2020,15345,366,">480",2385.14173998045
"1530","92866",Jan 2021,15345,297,">480",1935.48387096774
"1531","92866",Feb 2021,15345,69,"240-480",449.657869012708
"1532","92866",Mar 2021,15345,30,"120-240",195.503421309873
"1533","92866",Apr 2021,15345,25,"120-240",162.919517758227
"1534","92866",May 2021,15345,3,"5-30",19.5503421309873
"1535","92866",Jun 2021,15345,10,"60-120",65.167807103291
"1536","92866",Jul 2021,15345,46,"240-480",299.771912675138
"1537","92866",Aug 2021,15345,122,">480",795.04724666015
"1538","92866",Sep 2021,15345,27,"120-240",175.953079178886
"1539","92867",Mar 2020,46436,3,"5-30",6.46050478077354
"1540","92867",Apr 2020,46436,19,"30-60",40.9165302782324
"1541","92867",May 2020,46436,41,"60-120",88.2935653372383
"1542","92867",Jun 2020,46436,178,"240-480",383.32328365923
"1543","92867",Jul 2020,46436,232,">480",499.612369713154
"1544","92867",Aug 2020,46436,69,"120-240",148.591609957791
"1545","92867",Sep 2020,46436,56,"120-240",120.596089241106
"1546","92867",Oct 2020,46436,96,"120-240",206.736152984753
"1547","92867",Nov 2020,46436,327,">480",704.195021104316
"1548","92867",Dec 2020,46436,1128,">480",2429.14979757085
"1549","92867",Jan 2021,46436,826,">480",1778.79231630631
"1550","92867",Feb 2021,46436,131,"240-480",282.108708760444
"1551","92867",Mar 2021,46436,61,"120-240",131.363597209062
"1552","92867",Apr 2021,46436,35,"60-120",75.3725557756913
"1553","92867",May 2021,46436,20,"30-60",43.0700318718236
"1554","92867",Jun 2021,46436,15,"30-60",32.3025239038677
"1555","92867",Jul 2021,46436,144,"240-480",310.10422947713
"1556","92867",Aug 2021,46436,267,">480",574.984925488845
"1557","92867",Sep 2021,46436,76,"120-240",163.66612111293
"1558","92868",Mar 2020,26803,6,"5-30",22.3855538559117
"1559","92868",Apr 2020,26803,55,"120-240",205.200910345857
"1560","92868",May 2020,26803,70,"240-480",261.164794985636
"1561","92868",Jun 2020,26803,183,">480",682.759392605305
"1562","92868",Jul 2020,26803,212,">480",790.956236242212
"1563","92868",Aug 2020,26803,102,"240-480",380.554415550498
"1564","92868",Sep 2020,26803,55,"120-240",205.200910345857
"1565","92868",Oct 2020,26803,72,"240-480",268.62664627094
"1566","92868",Nov 2020,26803,291,">480",1085.69936201172
"1567","92868",Dec 2020,26803,1320,">480",4924.82184830056
"1568","92868",Jan 2021,26803,730,">480",2723.57571913592
"1569","92868",Feb 2021,26803,112,"240-480",417.863671977018
"1570","92868",Mar 2021,26803,32,"60-120",119.389620564862
"1571","92868",Apr 2021,26803,29,"60-120",108.196843636906
"1572","92868",May 2021,26803,12,"30-60",44.7711077118233
"1573","92868",Jun 2021,26803,11,"30-60",41.0401820691714
"1574","92868",Jul 2021,26803,85,"240-480",317.128679625415
"1575","92868",Aug 2021,26803,174,">480",649.181061821438
"1576","92868",Sep 2021,26803,57,"120-240",212.662761631161
"1577","92869",Mar 2020,38271,10,"5-30",26.1294452718769
"1578","92869",Apr 2020,38271,18,"30-60",47.0330014893784
"1579","92869",May 2020,38271,38,"60-120",99.2918920331321
"1580","92869",Jun 2020,38271,172,"240-480",449.426458676282
"1581","92869",Jul 2020,38271,206,">480",538.266572600664
"1582","92869",Aug 2020,38271,58,"120-240",151.550782576886
"1583","92869",Sep 2020,38271,52,"120-240",135.87311541376
"1584","92869",Oct 2020,38271,61,"120-240",159.389616158449
"1585","92869",Nov 2020,38271,269,">480",702.882077813488
"1586","92869",Dec 2020,38271,1023,">480",2673.042251313
"1587","92869",Jan 2021,38271,703,">480",1836.90000261294
"1588","92869",Feb 2021,38271,130,"240-480",339.682788534399
"1589","92869",Mar 2021,38271,48,"120-240",125.421337305009
"1590","92869",Apr 2021,38271,31,"60-120",81.0012803428183
"1591","92869",May 2021,38271,27,"60-120",70.5495022340676
"1592","92869",Jun 2021,38271,29,"60-120",75.7753912884429
"1593","92869",Jul 2021,38271,111,"240-480",290.036842517833
"1594","92869",Aug 2021,38271,235,">480",614.041963889107
"1595","92869",Sep 2021,38271,73,"120-240",190.744950484701
"1596","92870",Mar 2020,54323,14,"5-30",25.7717725456989
"1597","92870",Apr 2020,54323,44,"60-120",80.9969994293393
"1598","92870",May 2020,54323,67,"120-240",123.33634004013
"1599","92870",Jun 2020,54323,253,"240-480",465.732746718701
"1600","92870",Jul 2020,54323,345,">480",635.090109161865
"1601","92870",Aug 2020,54323,104,"120-240",191.44745319662
"1602","92870",Sep 2020,54323,93,"120-240",171.198203339285
"1603","92870",Oct 2020,54323,130,"120-240",239.309316495775
"1604","92870",Nov 2020,54323,449,">480",826.537562358485
"1605","92870",Dec 2020,54323,1448,">480",2665.53761758371
"1606","92870",Jan 2021,54323,1012,">480",1862.9309868748
"1607","92870",Feb 2021,54323,200,"240-480",368.16817922427
"1608","92870",Mar 2021,54323,69,"120-240",127.018021832373
"1609","92870",Apr 2021,54323,64,"60-120",117.813817351766
"1610","92870",May 2021,54323,21,"30-60",38.6576588185483
"1611","92870",Jun 2021,54323,14,"5-30",25.7717725456989
"1612","92870",Jul 2021,54323,204,"240-480",375.531542808755
"1613","92870",Aug 2021,54323,418,">480",769.471494578724
"1614","92870",Sep 2021,54323,90,"120-240",165.675680650921
"1615","92886",Mar 2020,49595,18,"30-60",36.2939812481097
"1616","92886",Apr 2020,49595,18,"30-60",36.2939812481097
"1617","92886",May 2020,49595,29,"30-60",58.4736364552878
"1618","92886",Jun 2020,49595,117,"120-240",235.910878112713
"1619","92886",Jul 2020,49595,200,"240-480",403.26645831233
"1620","92886",Aug 2020,49595,42,"60-120",84.6859562455893
"1621","92886",Sep 2020,49595,77,"120-240",155.257586450247
"1622","92886",Oct 2020,49595,76,"120-240",153.241254158685
"1623","92886",Nov 2020,49595,329,">480",663.373323923783
"1624","92886",Dec 2020,49595,1010,">480",2036.49561447727
"1625","92886",Jan 2021,49595,842,">480",1697.75178949491
"1626","92886",Feb 2021,49595,171,"240-480",344.792821857042
"1627","92886",Mar 2021,49595,47,"60-120",94.7676177033975
"1628","92886",Apr 2021,49595,54,"60-120",108.881943744329
"1629","92886",May 2021,49595,25,"30-60",50.4083072890412
"1630","92886",Jun 2021,49595,17,"30-60",34.277648956548
"1631","92886",Jul 2021,49595,230,"240-480",463.756427059179
"1632","92886",Aug 2021,49595,427,">480",860.973888496824
"1633","92886",Sep 2021,49595,99,"120-240",199.616896864603
"1634","92887",Mar 2020,21185,5,"5-30",23.6016049091338
"1635","92887",Apr 2020,21185,10,"30-60",47.2032098182676
"1636","92887",May 2020,21185,4,"5-30",18.8812839273071
"1637","92887",Jun 2020,21185,55,"240-480",259.617654000472
"1638","92887",Jul 2020,21185,76,"240-480",358.744394618834
"1639","92887",Aug 2020,21185,31,"120-240",146.32995043663
"1640","92887",Sep 2020,21185,38,"120-240",179.372197309417
"1641","92887",Oct 2020,21185,31,"120-240",146.32995043663
"1642","92887",Nov 2020,21185,111,">480",523.955628982771
"1643","92887",Dec 2020,21185,391,">480",1845.64550389426
"1644","92887",Jan 2021,21185,304,">480",1434.97757847534
"1645","92887",Feb 2021,21185,64,"240-480",302.100542836913
"1646","92887",Mar 2021,21185,18,"60-120",84.9657776728818
"1647","92887",Apr 2021,21185,20,"60-120",94.4064196365353
"1648","92887",May 2021,21185,10,"30-60",47.2032098182676
"1649","92887",Jun 2021,21185,11,"30-60",51.9235308000944
"1650","92887",Jul 2021,21185,104,">480",490.913382109983
"1651","92887",Aug 2021,21185,157,">480",741.090394146802
"1652","92887",Sep 2021,21185,31,"120-240",146.32995043663
