"","zip","plot_var_dis","month_date","plot_var_cont"
"1","90620","0-6",Feb 2020,0
"2","90620","12-18",Mar 2020,13.5135135135135
"3","90620","6-12",Apr 2020,10.1941747572816
"4","90620","0-6",May 2020,4.26164519326065
"5","90620","6-12",Jun 2020,10.2588686481304
"6","90620","6-12",Jul 2020,9.79344729344729
"7","90620","0-6",Aug 2020,4.8264182895851
"8","90620","0-6",Sep 2020,3.23316850513503
"9","90620","0-6",Oct 2020,2.43762546601663
"10","90620","6-12",Nov 2020,6.78213689482471
"11","90620","12-18",Dec 2020,16.6091051805338
"12","90620","12-18",Jan 2021,12.2313696140276
"13","90620","0-6",Feb 2021,4.75898692810458
"14","90620","0-6",Mar 2021,1.83257918552036
"15","90620","0-6",Apr 2021,0.908656145384983
"16","90620","0-6",May 2021,0.655644241733181
"17","90620","0-6",Jun 2021,0.571837026447462
"18","90620","0-6",Jul 2021,5.09391007398975
"19","90620","6-12",Aug 2021,6.40055058499656
"20","90621","12-18",Mar 2020,16.3636363636364
"21","90621","6-12",Apr 2020,11.4583333333333
"22","90621","6-12",May 2020,7.43034055727554
"23","90621","6-12",Jun 2020,11.4912846998063
"24","90621","12-18",Jul 2020,12.6842340330505
"25","90621","6-12",Aug 2020,8.03897685749086
"26","90621","0-6",Sep 2020,4.28115015974441
"27","90621","0-6",Oct 2020,4.61133069828722
"28","90621","6-12",Nov 2020,9.23771075753978
"29","90621","12-18",Dec 2020,17.7564102564103
"30","90621","6-12",Jan 2021,11.8129496402878
"31","90621","0-6",Feb 2021,3.9102932719954
"32","90621","0-6",Mar 2021,1.35689491953298
"33","90621","0-6",Apr 2021,1.09272556977833
"34","90621","0-6",May 2021,0.44
"35","90621","0-6",Jun 2021,0.994475138121547
"36","90621","0-6",Jul 2021,5.25471319695146
"37","90621","6-12",Aug 2021,6.17021276595745
"38","90623",">30",Feb 2020,50
"39","90623","24-30",Mar 2020,28.5714285714286
"40","90623","0-6",Apr 2020,6
"41","90623","0-6",May 2020,2.9535864978903
"42","90623","6-12",Jun 2020,7.8125
"43","90623","6-12",Jul 2020,6.91358024691358
"44","90623","0-6",Aug 2020,2.02312138728324
"45","90623","0-6",Sep 2020,2.389486260454
"46","90623","0-6",Oct 2020,0.790166812993854
"47","90623","0-6",Nov 2020,4.49966420416387
"48","90623","6-12",Dec 2020,11.6655651024455
"49","90623","6-12",Jan 2021,8.43023255813953
"50","90623","0-6",Feb 2021,1.9434628975265
"51","90623","0-6",Mar 2021,0.884955752212389
"52","90623","0-6",Apr 2021,0.483968542044767
"53","90623","0-6",May 2021,0.274536719286205
"54","90623","0-6",Jun 2021,0.426439232409382
"55","90623","0-6",Jul 2021,4.60636515912898
"56","90623","0-6",Aug 2021,5.72519083969466
"57","90630","18-24",Feb 2020,20
"58","90630","12-18",Mar 2020,14.7783251231527
"59","90630","0-6",Apr 2020,5.94059405940594
"60","90630","0-6",May 2020,3.68715083798883
"61","90630","6-12",Jun 2020,8.0269290523045
"62","90630","6-12",Jul 2020,6.10278372591006
"63","90630","0-6",Aug 2020,2.96591412129261
"64","90630","0-6",Sep 2020,1.82415176942722
"65","90630","0-6",Oct 2020,1.68282943525385
"66","90630","0-6",Nov 2020,4.99892726882643
"67","90630","6-12",Dec 2020,10.978249664983
"68","90630","6-12",Jan 2021,8.93333333333333
"69","90630","0-6",Feb 2021,4.18891170431212
"70","90630","0-6",Mar 2021,1.25855597262089
"71","90630","0-6",Apr 2021,0.779336450679136
"72","90630","0-6",May 2021,0.674581759309228
"73","90630","0-6",Jun 2021,0.828363154406892
"74","90630","0-6",Jul 2021,5.93707250341997
"75","90630","6-12",Aug 2021,7.12365591397849
"76","90631","0-6",Jan 2020,0
"77","90631","0-6",Feb 2020,0
"78","90631","6-12",Mar 2020,10.8910891089109
"79","90631","6-12",Apr 2020,11.5979381443299
"80","90631","0-6",May 2020,5.87780355761794
"81","90631","6-12",Jun 2020,11.1925383077948
"82","90631","12-18",Jul 2020,12.1618649659116
"83","90631","6-12",Aug 2020,7.9388855602157
"84","90631","0-6",Sep 2020,4.31406384814495
"85","90631","0-6",Oct 2020,5.05853766291142
"86","90631","6-12",Nov 2020,8.89444281093796
"87","90631","18-24",Dec 2020,19.8515924628981
"88","90631","12-18",Jan 2021,12.7438583815029
"89","90631","0-6",Feb 2021,4.85074626865672
"90","90631","0-6",Mar 2021,1.45448323066393
"91","90631","0-6",Apr 2021,1.18635689569946
"92","90631","0-6",May 2021,0.9007164790174
"93","90631","0-6",Jun 2021,1.01723650748799
"94","90631","0-6",Jul 2021,5.89514375453008
"95","90631","6-12",Aug 2021,8.74200426439232
"96","90680","0-6",Jan 2020,0
"97","90680","0-6",Feb 2020,0
"98","90680","0-6",Mar 2020,0
"99","90680","12-18",Apr 2020,13.4408602150538
"100","90680","6-12",May 2020,9.96168582375479
"101","90680","12-18",Jun 2020,13.6400322841001
"102","90680","12-18",Jul 2020,14.3280047365305
"103","90680","6-12",Aug 2020,7.84789644012945
"104","90680","0-6",Sep 2020,4.58081244598099
"105","90680","0-6",Oct 2020,3.80021715526602
"106","90680","6-12",Nov 2020,10.15625
"107","90680","18-24",Dec 2020,19.5142239228082
"108","90680","12-18",Jan 2021,13.7787779124113
"109","90680","0-6",Feb 2021,5.96757502587099
"110","90680","0-6",Mar 2021,1.22968818620993
"111","90680","0-6",Apr 2021,1.24516960068699
"112","90680","0-6",May 2021,0.202942668696093
"113","90680","0-6",Jun 2021,0.470430107526882
"114","90680","6-12",Jul 2021,6.14805520702635
"115","90680","6-12",Aug 2021,6.765899864682
"116","90720","0-6",Feb 2020,0
"117","90720","0-6",Mar 2020,0
"118","90720","6-12",Apr 2020,10.3125
"119","90720","6-12",May 2020,7.28571428571429
"120","90720","0-6",Jun 2020,5.68769389865564
"121","90720","0-6",Jul 2020,3.06049822064057
"122","90720","0-6",Aug 2020,1.90311418685121
"123","90720","0-6",Sep 2020,4.7040971168437
"124","90720","0-6",Oct 2020,1.5748031496063
"125","90720","0-6",Nov 2020,4.74903474903475
"126","90720","6-12",Dec 2020,10.0995024875622
"127","90720","6-12",Jan 2021,8.43975569128262
"128","90720","0-6",Feb 2021,2.62838657501011
"129","90720","0-6",Mar 2021,1.23322451940515
"130","90720","0-6",Apr 2021,1.03231597845601
"131","90720","0-6",May 2021,1.01580135440181
"132","90720","0-6",Jun 2021,0.807955251709136
"133","90720","0-6",Jul 2021,4.96738585047667
"134","90720","6-12",Aug 2021,6.24327233584499
"135","90740","0-6",Feb 2020,0
"136","90740","6-12",Mar 2020,8.16326530612245
"137","90740","0-6",Apr 2020,4.29447852760736
"138","90740","0-6",May 2020,5.61660561660562
"139","90740","6-12",Jun 2020,7.55555555555556
"140","90740","0-6",Jul 2020,4.50856627592426
"141","90740","0-6",Aug 2020,2.04878048780488
"142","90740","0-6",Sep 2020,1.92307692307692
"143","90740","0-6",Oct 2020,1.38358778625954
"144","90740","0-6",Nov 2020,3.1688728439631
"145","90740","6-12",Dec 2020,8.47097687588485
"146","90740","6-12",Jan 2021,8.56437002470491
"147","90740","0-6",Feb 2021,1.57915515199368
"148","90740","0-6",Mar 2021,0.741710296684119
"149","90740","0-6",Apr 2021,0.923361034164358
"150","90740","0-6",May 2021,0.665188470066519
"151","90740","0-6",Jun 2021,0.379506641366224
"152","90740","6-12",Jul 2021,6.31174533479693
"153","90740","6-12",Aug 2021,6.88259109311741
"154","90742","0-6",Mar 2020,0
"155","90742","0-6",Apr 2020,0
"156","90742","0-6",May 2020,0
"157","90742","6-12",Jun 2020,6.12244897959184
"158","90742","6-12",Jul 2020,9.43396226415094
"159","90742","0-6",Aug 2020,0
"160","90742","0-6",Sep 2020,0
"161","90742","0-6",Oct 2020,0
"162","90742","6-12",Nov 2020,10.6382978723404
"163","90742","0-6",Dec 2020,6
"164","90742","6-12",Jan 2021,7.21649484536082
"165","90742","0-6",Feb 2021,4.05405405405405
"166","90742","0-6",Mar 2021,1.72413793103448
"167","90742","0-6",Apr 2021,1.5625
"168","90742","0-6",May 2021,0
"169","90742","0-6",Jun 2021,0
"170","90742","0-6",Jul 2021,4
"171","90742","6-12",Aug 2021,11.7647058823529
"172","92602","0-6",Mar 2020,3.92156862745098
"173","92602","0-6",Apr 2020,4.47761194029851
"174","92602","0-6",May 2020,2.26628895184136
"175","92602","0-6",Jun 2020,4.78654592496766
"176","92602","6-12",Jul 2020,7.2289156626506
"177","92602","0-6",Aug 2020,2.60180995475113
"178","92602","0-6",Sep 2020,0.640439158279963
"179","92602","0-6",Oct 2020,0.688231245698555
"180","92602","0-6",Nov 2020,4.17221482467821
"181","92602","6-12",Dec 2020,8.80939668980246
"182","92602","6-12",Jan 2021,7.97249108507387
"183","92602","0-6",Feb 2021,3.00130491518051
"184","92602","0-6",Mar 2021,1.10655737704918
"185","92602","0-6",Apr 2021,1.46252285191956
"186","92602","0-6",May 2021,0.528262017960909
"187","92602","0-6",Jun 2021,0.464576074332172
"188","92602","0-6",Jul 2021,3.89004149377593
"189","92602","0-6",Aug 2021,5.08021390374332
"190","92603","0-6",Feb 2020,0
"191","92603","12-18",Mar 2020,13.7931034482759
"192","92603","0-6",Apr 2020,4.5045045045045
"193","92603","0-6",May 2020,1.12359550561798
"194","92603","6-12",Jun 2020,6.11570247933884
"195","92603","0-6",Jul 2020,4.20289855072464
"196","92603","0-6",Aug 2020,1.35363790186125
"197","92603","0-6",Sep 2020,1.54394299287411
"198","92603","0-6",Oct 2020,1.02996254681648
"199","92603","0-6",Nov 2020,3.73711340206186
"200","92603","6-12",Dec 2020,7.81580059146599
"201","92603","6-12",Jan 2021,6.59477395271672
"202","92603","0-6",Feb 2021,3.6036036036036
"203","92603","0-6",Mar 2021,0.988947062245492
"204","92603","0-6",Apr 2021,0.59206631142688
"205","92603","0-6",May 2021,0.0831946755407654
"206","92603","0-6",Jun 2021,0.395256916996047
"207","92603","0-6",Jul 2021,3.47054075867635
"208","92603","0-6",Aug 2021,4.72727272727273
"209","92604","6-12",Mar 2020,11.9047619047619
"210","92604","0-6",Apr 2020,5.96026490066225
"211","92604","0-6",May 2020,2.11640211640212
"212","92604","6-12",Jun 2020,6.11702127659574
"213","92604","0-6",Jul 2020,4.90033222591362
"214","92604","0-6",Aug 2020,2.75545350172216
"215","92604","0-6",Sep 2020,2.01680672268908
"216","92604","0-6",Oct 2020,1.39902676399027
"217","92604","0-6",Nov 2020,4.13736036408771
"218","92604","6-12",Dec 2020,9.10806984426616
"219","92604","6-12",Jan 2021,7.6701130079346
"220","92604","0-6",Feb 2021,2.94906166219839
"221","92604","0-6",Mar 2021,1.69491525423729
"222","92604","0-6",Apr 2021,1.62337662337662
"223","92604","0-6",May 2021,0.761772853185596
"224","92604","0-6",Jun 2021,1.05411103302881
"225","92604","0-6",Jul 2021,5.07425742574257
"226","92604","6-12",Aug 2021,7.80559646539028
"227","92606","0-6",Jan 2020,0
"228","92606","0-6",Feb 2020,0
"229","92606","6-12",Mar 2020,6.89655172413793
"230","92606","0-6",Apr 2020,2.58620689655172
"231","92606","0-6",May 2020,3.2967032967033
"232","92606","6-12",Jun 2020,6.56934306569343
"233","92606","6-12",Jul 2020,7.36629667003027
"234","92606","0-6",Aug 2020,3.51699882766706
"235","92606","0-6",Sep 2020,2.16962524654832
"236","92606","0-6",Oct 2020,0.812407680945347
"237","92606","0-6",Nov 2020,3.66357069143447
"238","92606","6-12",Dec 2020,9.80645161290323
"239","92606","6-12",Jan 2021,9.94905603835781
"240","92606","0-6",Feb 2021,3.3271719038817
"241","92606","0-6",Mar 2021,0.693333333333333
"242","92606","0-6",Apr 2021,1.75768989328311
"243","92606","0-6",May 2021,1.25091979396615
"244","92606","0-6",Jun 2021,0.411805078929307
"245","92606","0-6",Jul 2021,5.27859237536657
"246","92606","0-6",Aug 2021,3.76569037656904
"247","92610","12-18",Mar 2020,12.5
"248","92610","0-6",Apr 2020,3.33333333333333
"249","92610","0-6",May 2020,2.02702702702703
"250","92610","0-6",Jun 2020,4.81927710843374
"251","92610","0-6",Jul 2020,5.28735632183908
"252","92610","0-6",Aug 2020,2.91545189504373
"253","92610","0-6",Sep 2020,1.11358574610245
"254","92610","0-6",Oct 2020,2.21465076660988
"255","92610","0-6",Nov 2020,5.47945205479452
"256","92610","6-12",Dec 2020,11.5983026874116
"257","92610","6-12",Jan 2021,7.95981452859351
"258","92610","0-6",Feb 2021,1.88679245283019
"259","92610","0-6",Mar 2021,0.916230366492147
"260","92610","0-6",Apr 2021,1.31578947368421
"261","92610","0-6",May 2021,1.61030595813205
"262","92610","0-6",Jun 2021,0.975609756097561
"263","92610","0-6",Jul 2021,4.35413642960813
"264","92610","6-12",Aug 2021,9.9644128113879
"265","92612","6-12",Mar 2020,9.375
"266","92612","0-6",Apr 2020,2.7027027027027
"267","92612","0-6",May 2020,2.30179028132992
"268","92612","6-12",Jun 2020,7.08571428571429
"269","92612","0-6",Jul 2020,5.73042776432607
"270","92612","0-6",Aug 2020,2.2149302707137
"271","92612","0-6",Sep 2020,1.47991543340381
"272","92612","0-6",Oct 2020,1.1426153195091
"273","92612","0-6",Nov 2020,3.40780862107876
"274","92612","6-12",Dec 2020,7.5043630017452
"275","92612","0-6",Jan 2021,5.93447007689736
"276","92612","0-6",Feb 2021,1.9534184823441
"277","92612","0-6",Mar 2021,0.597868468936834
"278","92612","0-6",Apr 2021,0.78125
"279","92612","0-6",May 2021,0.455373406193078
"280","92612","0-6",Jun 2021,0.462962962962963
"281","92612","0-6",Jul 2021,4.46950710108605
"282","92612","6-12",Aug 2021,6.59229208924949
"283","92614","18-24",Mar 2020,22.8070175438597
"284","92614","0-6",Apr 2020,3.17460317460317
"285","92614","0-6",May 2020,3.2258064516129
"286","92614","6-12",Jun 2020,7.81078107810781
"287","92614","6-12",Jul 2020,6.6334991708126
"288","92614","0-6",Aug 2020,1.43149284253579
"289","92614","0-6",Sep 2020,1.56985871271586
"290","92614","0-6",Oct 2020,1.66093928980527
"291","92614","0-6",Nov 2020,4.1350531107739
"292","92614","6-12",Dec 2020,8.9990375360924
"293","92614","6-12",Jan 2021,8.68334119867862
"294","92614","0-6",Feb 2021,3.10714285714286
"295","92614","0-6",Mar 2021,0.901253918495298
"296","92614","0-6",Apr 2021,1.36487716105551
"297","92614","0-6",May 2021,0.945067926757236
"298","92614","0-6",Jun 2021,1.03896103896104
"299","92614","0-6",Jul 2021,5.81915846016115
"300","92614","0-6",Aug 2021,5.17836593785961
"301","92617","6-12",Mar 2020,11.7647058823529
"302","92617","6-12",Apr 2020,8.10810810810811
"303","92617","0-6",May 2020,3.88349514563107
"304","92617","0-6",Jun 2020,3.77358490566038
"305","92617","0-6",Jul 2020,1.78571428571429
"306","92617","0-6",Aug 2020,0
"307","92617","0-6",Sep 2020,1.08695652173913
"308","92617","0-6",Oct 2020,0.896860986547085
"309","92617","0-6",Nov 2020,2.08599404001703
"310","92617","0-6",Dec 2020,4.24978317432784
"311","92617","0-6",Jan 2021,3.3544539694372
"312","92617","0-6",Feb 2021,0.875099443118536
"313","92617","0-6",Mar 2021,0.313971742543171
"314","92617","0-6",Apr 2021,0.279981334577695
"315","92617","0-6",May 2021,0
"316","92617","0-6",Jun 2021,0.157232704402516
"317","92617","0-6",Jul 2021,2.55102040816327
"318","92617","0-6",Aug 2021,3.76569037656904
"319","92618","0-6",Feb 2020,0
"320","92618","6-12",Mar 2020,8.02919708029197
"321","92618","0-6",Apr 2020,2.78884462151394
"322","92618","0-6",May 2020,2.03761755485893
"323","92618","6-12",Jun 2020,6.24123422159888
"324","92618","6-12",Jul 2020,6.58036677454153
"325","92618","0-6",Aug 2020,2.19023779724656
"326","92618","0-6",Sep 2020,2.19141323792487
"327","92618","0-6",Oct 2020,2.27197892657228
"328","92618","0-6",Nov 2020,4.0061295971979
"329","92618","6-12",Dec 2020,9.25847755733784
"330","92618","6-12",Jan 2021,8.29370629370629
"331","92618","0-6",Feb 2021,3.02843016069221
"332","92618","0-6",Mar 2021,1.10309715740348
"333","92618","0-6",Apr 2021,1.58623771224307
"334","92618","0-6",May 2021,0.414708321813658
"335","92618","0-6",Jun 2021,0.467393723569998
"336","92618","0-6",Jul 2021,3.69985450010393
"337","92618","0-6",Aug 2021,4.57079152731327
"338","92620","6-12",Mar 2020,9.00900900900901
"339","92620","0-6",Apr 2020,5.86080586080586
"340","92620","0-6",May 2020,0.596125186289121
"341","92620","0-6",Jun 2020,5.34188034188034
"342","92620","0-6",Jul 2020,4.21558164354322
"343","92620","0-6",Aug 2020,2.29411764705882
"344","92620","0-6",Sep 2020,2.42798353909465
"345","92620","0-6",Oct 2020,1.41479099678457
"346","92620","0-6",Nov 2020,4.06222990492653
"347","92620","6-12",Dec 2020,9.18037206794284
"348","92620","6-12",Jan 2021,7.71934568068136
"349","92620","0-6",Feb 2021,3.3288948069241
"350","92620","0-6",Mar 2021,0.916380297823597
"351","92620","0-6",Apr 2021,1.01494220468001
"352","92620","0-6",May 2021,0.8
"353","92620","0-6",Jun 2021,0.498891352549889
"354","92620","0-6",Jul 2021,3.75550375550376
"355","92620","0-6",Aug 2021,4.56760048721072
"356","92624","6-12",Mar 2020,6.45161290322581
"357","92624","0-6",Apr 2020,4.25531914893617
"358","92624","0-6",May 2020,2.88461538461538
"359","92624","0-6",Jun 2020,5.59210526315789
"360","92624","6-12",Jul 2020,7.34126984126984
"361","92624","0-6",Aug 2020,3.38164251207729
"362","92624","0-6",Sep 2020,2.40549828178694
"363","92624","0-6",Oct 2020,1.93050193050193
"364","92624","6-12",Nov 2020,7.75444264943457
"365","92624","12-18",Dec 2020,16.0493827160494
"366","92624","12-18",Jan 2021,12.6081582200247
"367","92624","0-6",Feb 2021,4.60048426150121
"368","92624","0-6",Mar 2021,0.420168067226891
"369","92624","0-6",Apr 2021,0.628930817610063
"370","92624","0-6",May 2021,0.235849056603774
"371","92624","0-6",Jun 2021,1.23456790123457
"372","92624","6-12",Jul 2021,6.01851851851852
"373","92624","6-12",Aug 2021,10.9704641350211
"374","92625","24-30",Mar 2020,28.3018867924528
"375","92625","0-6",Apr 2020,1.96078431372549
"376","92625","0-6",May 2020,1.98019801980198
"377","92625","6-12",Jun 2020,7.92838874680307
"378","92625","6-12",Jul 2020,8.81147540983607
"379","92625","0-6",Aug 2020,0.735294117647059
"380","92625","0-6",Sep 2020,0.394477317554241
"381","92625","0-6",Oct 2020,0.963081861958267
"382","92625","0-6",Nov 2020,2.40083507306889
"383","92625","6-12",Dec 2020,6.44927536231884
"384","92625","6-12",Jan 2021,7.36
"385","92625","0-6",Feb 2021,2.60475651189128
"386","92625","0-6",Mar 2021,1.09235352532274
"387","92625","0-6",Apr 2021,0.9375
"388","92625","0-6",May 2021,0.415512465373961
"389","92625","0-6",Jun 2021,1.15702479338843
"390","92625","0-6",Jul 2021,5.25394045534151
"391","92625","6-12",Aug 2021,7.7720207253886
"392","92626","0-6",Feb 2020,0
"393","92626","6-12",Mar 2020,8.91089108910891
"394","92626","0-6",Apr 2020,4.28015564202335
"395","92626","0-6",May 2020,1.8450184501845
"396","92626","12-18",Jun 2020,12.7531472359059
"397","92626","6-12",Jul 2020,7.8939617083947
"398","92626","0-6",Aug 2020,1.26062738199941
"399","92626","0-6",Sep 2020,0.854548691472316
"400","92626","0-6",Oct 2020,2.25740711710299
"401","92626","0-6",Nov 2020,4.07464273060116
"402","92626","6-12",Dec 2020,9.86121256391527
"403","92626","6-12",Jan 2021,11.2739234449761
"404","92626","0-6",Feb 2021,3.80616412922391
"405","92626","0-6",Mar 2021,1.2883008356546
"406","92626","0-6",Apr 2021,1.20343839541547
"407","92626","0-6",May 2021,0.464576074332172
"408","92626","0-6",Jun 2021,0.671140939597315
"409","92626","6-12",Jul 2021,6.57188841201717
"410","92626","6-12",Aug 2021,6.57822001105583
"411","92627","6-12",Mar 2020,6.50406504065041
"412","92627","0-6",Apr 2020,3.37078651685393
"413","92627","6-12",May 2020,7.61078998073218
"414","92627","12-18",Jun 2020,12.9059468578659
"415","92627","12-18",Jul 2020,12.8474366893144
"416","92627","6-12",Aug 2020,8.31706364701289
"417","92627","0-6",Sep 2020,2.92259083728278
"418","92627","0-6",Oct 2020,3.38399770576427
"419","92627","6-12",Nov 2020,7.48491704374057
"420","92627","12-18",Dec 2020,15.5205744269539
"421","92627","12-18",Jan 2021,13.6481241914618
"422","92627","0-6",Feb 2021,5.29231944975162
"423","92627","0-6",Mar 2021,1.91387559808612
"424","92627","0-6",Apr 2021,1.85140658812214
"425","92627","0-6",May 2021,0.795593635250918
"426","92627","0-6",Jun 2021,2.02060221870048
"427","92627","6-12",Jul 2021,8.41523341523341
"428","92627","6-12",Aug 2021,8.87708649468892
"429","92629","6-12",Mar 2020,10.8695652173913
"430","92629","0-6",Apr 2020,3.72340425531915
"431","92629","0-6",May 2020,1.25628140703518
"432","92629","0-6",Jun 2020,5.62874251497006
"433","92629","6-12",Jul 2020,8.17204301075269
"434","92629","0-6",Aug 2020,2.64200792602378
"435","92629","0-6",Sep 2020,2.98672566371681
"436","92629","0-6",Oct 2020,1.82394924662966
"437","92629","0-6",Nov 2020,5.47872340425532
"438","92629","6-12",Dec 2020,11.7056856187291
"439","92629","12-18",Jan 2021,12.2239747634069
"440","92629","0-6",Feb 2021,5.29039677975848
"441","92629","0-6",Mar 2021,1.53424657534247
"442","92629","0-6",Apr 2021,0.991940483570986
"443","92629","0-6",May 2021,0.987306064880113
"444","92629","0-6",Jun 2021,1.18858954041204
"445","92629","6-12",Jul 2021,7.003367003367
"446","92629","6-12",Aug 2021,9.59147424511545
"447","92630","0-6",Feb 2020,0
"448","92630","6-12",Mar 2020,8.82352941176471
"449","92630","0-6",Apr 2020,3.48525469168901
"450","92630","0-6",May 2020,3.63815142576205
"451","92630","6-12",Jun 2020,9.06178489702517
"452","92630","6-12",Jul 2020,11.6329704510109
"453","92630","0-6",Aug 2020,2.60625501202887
"454","92630","0-6",Sep 2020,3.23529411764706
"455","92630","0-6",Oct 2020,1.93531958237841
"456","92630","6-12",Nov 2020,6.16414835164835
"457","92630","12-18",Dec 2020,13.3580705009276
"458","92630","6-12",Jan 2021,11.9517150711127
"459","92630","0-6",Feb 2021,4.63672117574001
"460","92630","0-6",Mar 2021,1.1353517364203
"461","92630","0-6",Apr 2021,1.22154358689617
"462","92630","0-6",May 2021,0.279589934762349
"463","92630","0-6",Jun 2021,1.18772682283075
"464","92630","0-6",Jul 2021,4.64907018596281
"465","92630","6-12",Aug 2021,8.24881676808655
"466","92637","6-12",Mar 2020,7.27272727272727
"467","92637","0-6",Apr 2020,2.12765957446809
"468","92637","0-6",May 2020,0.852878464818763
"469","92637","0-6",Jun 2020,1.85449358059914
"470","92637","0-6",Jul 2020,2.18790218790219
"471","92637","0-6",Aug 2020,0.68870523415978
"472","92637","0-6",Sep 2020,1.85676392572944
"473","92637","0-6",Oct 2020,1.12474437627812
"474","92637","0-6",Nov 2020,2.49221183800623
"475","92637","6-12",Dec 2020,6.57370517928287
"476","92637","6-12",Jan 2021,7.8167115902965
"477","92637","0-6",Feb 2021,2.99914310197087
"478","92637","0-6",Mar 2021,0.317712470214456
"479","92637","0-6",Apr 2021,0.358744394618834
"480","92637","0-6",May 2021,0.0989119683481701
"481","92637","0-6",Jun 2021,0.348432055749129
"482","92637","0-6",Jul 2021,2.69687162891046
"483","92637","0-6",Aug 2021,4.53400503778338
"484","92646","0-6",Feb 2020,0
"485","92646","6-12",Mar 2020,6.66666666666667
"486","92646","0-6",Apr 2020,3.5
"487","92646","0-6",May 2020,1.73410404624277
"488","92646","6-12",Jun 2020,6.92874692874693
"489","92646","6-12",Jul 2020,6.96537678207739
"490","92646","0-6",Aug 2020,1.75695461200586
"491","92646","0-6",Sep 2020,1.81323662737987
"492","92646","0-6",Oct 2020,1.70419963481436
"493","92646","0-6",Nov 2020,5.02263418840267
"494","92646","12-18",Dec 2020,12.6219002507662
"495","92646","6-12",Jan 2021,10.7434337438789
"496","92646","0-6",Feb 2021,5.13552068473609
"497","92646","0-6",Mar 2021,1.62431228713649
"498","92646","0-6",Apr 2021,1.86317321688501
"499","92646","0-6",May 2021,1.5630196208846
"500","92646","0-6",Jun 2021,1.19598765432099
"501","92646","6-12",Jul 2021,6.17083468658655
"502","92646","6-12",Aug 2021,8.22134387351779
"503","92647","12-18",Mar 2020,16.8316831683168
"504","92647","12-18",Apr 2020,14.7487844408428
"505","92647","0-6",May 2020,4
"506","92647","6-12",Jun 2020,11.6335433834222
"507","92647","6-12",Jul 2020,10.9469696969697
"508","92647","0-6",Aug 2020,5.10538641686183
"509","92647","0-6",Sep 2020,2.19534050179211
"510","92647","0-6",Oct 2020,2.92434837889383
"511","92647","6-12",Nov 2020,7.04193254329991
"512","92647","12-18",Dec 2020,14.3484288354898
"513","92647","6-12",Jan 2021,11.8764005189291
"514","92647","0-6",Feb 2021,4.5933014354067
"515","92647","0-6",Mar 2021,2.24299065420561
"516","92647","0-6",Apr 2021,1.77753837866954
"517","92647","0-6",May 2021,0.455650060753341
"518","92647","0-6",Jun 2021,0.831525668835864
"519","92647","6-12",Jul 2021,7.11854792966534
"520","92647","6-12",Aug 2021,7.76826859776169
"521","92648","0-6",Jan 2020,0
"522","92648","6-12",Mar 2020,6.60377358490566
"523","92648","6-12",Apr 2020,11.304347826087
"524","92648","0-6",May 2020,3.96570203644159
"525","92648","6-12",Jun 2020,10.1135749053542
"526","92648","6-12",Jul 2020,8.37941301573798
"527","92648","0-6",Aug 2020,5.12117055326932
"528","92648","0-6",Sep 2020,1.94831013916501
"529","92648","0-6",Oct 2020,2.11121022896224
"530","92648","0-6",Nov 2020,4.3705941591138
"531","92648","6-12",Dec 2020,10.8162676665705
"532","92648","6-12",Jan 2021,9.12269548633185
"533","92648","0-6",Feb 2021,4.04208194905869
"534","92648","0-6",Mar 2021,1.56561343580985
"535","92648","0-6",Apr 2021,1.61792159303049
"536","92648","0-6",May 2021,1.36105860113422
"537","92648","0-6",Jun 2021,1.01543460601137
"538","92648","6-12",Jul 2021,8.09745610892153
"539","92648","6-12",Aug 2021,9.61702127659574
"540","92649","12-18",Mar 2020,13.6363636363636
"541","92649","6-12",Apr 2020,7.81893004115226
"542","92649","0-6",May 2020,1.94986072423398
"543","92649","6-12",Jun 2020,8.01302931596091
"544","92649","0-6",Jul 2020,5.94005449591281
"545","92649","0-6",Aug 2020,1.51024811218986
"546","92649","0-6",Sep 2020,1.83387270765912
"547","92649","0-6",Oct 2020,1.75925925925926
"548","92649","0-6",Nov 2020,4.18486171761281
"549","92649","6-12",Dec 2020,11.2383177570093
"550","92649","6-12",Jan 2021,10.6394129979036
"551","92649","0-6",Feb 2021,3.86130811662727
"552","92649","0-6",Mar 2021,1.62094763092269
"553","92649","0-6",Apr 2021,1.39190952588082
"554","92649","0-6",May 2021,0.644468313641246
"555","92649","0-6",Jun 2021,0.723763570566948
"556","92649","6-12",Jul 2021,8.04424333836099
"557","92649","6-12",Aug 2021,7.85804816223067
"558","92651","0-6",Jan 2020,0
"559","92651","18-24",Mar 2020,18.0790960451977
"560","92651","0-6",Apr 2020,1.20967741935484
"561","92651","0-6",May 2020,0.824742268041237
"562","92651","0-6",Jun 2020,4.20819490586932
"563","92651","0-6",Jul 2020,5.4
"564","92651","0-6",Aug 2020,1.9036954087346
"565","92651","0-6",Sep 2020,2.33690360272639
"566","92651","0-6",Oct 2020,1.85328185328185
"567","92651","0-6",Nov 2020,4.33482810164424
"568","92651","6-12",Dec 2020,7.00453234445818
"569","92651","6-12",Jan 2021,8.12735651445329
"570","92651","0-6",Feb 2021,3.4443168771527
"571","92651","0-6",Mar 2021,1.24716553287982
"572","92651","0-6",Apr 2021,1.63934426229508
"573","92651","0-6",May 2021,0.836120401337793
"574","92651","0-6",Jun 2021,0.833333333333333
"575","92651","0-6",Jul 2021,5.68022440392707
"576","92651","6-12",Aug 2021,7.95053003533569
"577","92653","0-6",Feb 2020,0
"578","92653","0-6",Mar 2020,5.61797752808989
"579","92653","0-6",Apr 2020,4.28571428571429
"580","92653","0-6",May 2020,2.14592274678112
"581","92653","6-12",Jun 2020,7.35294117647059
"582","92653","6-12",Jul 2020,7.57756563245823
"583","92653","0-6",Aug 2020,3.03272146847566
"584","92653","0-6",Sep 2020,2.28281547241598
"585","92653","0-6",Oct 2020,1.81714934696195
"586","92653","0-6",Nov 2020,5.76036866359447
"587","92653","12-18",Dec 2020,13.4125636672326
"588","92653","6-12",Jan 2021,11.5423134702053
"589","92653","0-6",Feb 2021,3.77844568484328
"590","92653","0-6",Mar 2021,0.988397077782553
"591","92653","0-6",Apr 2021,0.996677740863787
"592","92653","0-6",May 2021,0.21505376344086
"593","92653","0-6",Jun 2021,0.561797752808989
"594","92653","0-6",Jul 2021,5.18223234624146
"595","92653","6-12",Aug 2021,7.84810126582278
"596","92655","0-6",Feb 2020,0
"597","92655","0-6",Mar 2020,0
"598","92655","12-18",Apr 2020,12.280701754386
"599","92655","0-6",May 2020,5.76923076923077
"600","92655","6-12",Jun 2020,9.73154362416107
"601","92655","6-12",Jul 2020,11.5
"602","92655","6-12",Aug 2020,7.29483282674772
"603","92655","0-6",Sep 2020,2.63157894736842
"604","92655","0-6",Oct 2020,4.48548812664908
"605","92655","12-18",Nov 2020,12.1345029239766
"606","92655","18-24",Dec 2020,18.9311010946555
"607","92655","12-18",Jan 2021,14.9432955303536
"608","92655","0-6",Feb 2021,5.788876276958
"609","92655","0-6",Mar 2021,2.10896309314587
"610","92655","0-6",Apr 2021,1.26050420168067
"611","92655","0-6",May 2021,0.209205020920502
"612","92655","0-6",Jun 2021,0.407331975560081
"613","92655","0-6",Jul 2021,5.42056074766355
"614","92655","6-12",Aug 2021,6.31067961165049
"615","92656","18-24",Feb 2020,20
"616","92656","6-12",Mar 2020,6.71641791044776
"617","92656","0-6",Apr 2020,3.57142857142857
"618","92656","0-6",May 2020,1.25832716506292
"619","92656","0-6",Jun 2020,5.20332313073896
"620","92656","0-6",Jul 2020,5.00347463516331
"621","92656","0-6",Aug 2020,2.24770642201835
"622","92656","0-6",Sep 2020,2.13903743315508
"623","92656","0-6",Oct 2020,1.46657571623465
"624","92656","0-6",Nov 2020,5.36181342632956
"625","92656","6-12",Dec 2020,11.1900275402232
"626","92656","6-12",Jan 2021,9.96893950599024
"627","92656","0-6",Feb 2021,3.42087839329066
"628","92656","0-6",Mar 2021,1.41509433962264
"629","92656","0-6",Apr 2021,0.74468085106383
"630","92656","0-6",May 2021,0.778715120051914
"631","92656","0-6",Jun 2021,0.784167289021658
"632","92656","6-12",Jul 2021,6.74448767833982
"633","92656","6-12",Aug 2021,7.16612377850163
"634","92657","12-18",Mar 2020,15.0943396226415
"635","92657","0-6",Apr 2020,3.63636363636364
"636","92657","0-6",May 2020,0.50761421319797
"637","92657","0-6",Jun 2020,5.78313253012048
"638","92657","0-6",Jul 2020,5.01089324618736
"639","92657","0-6",Aug 2020,3.08788598574822
"640","92657","0-6",Sep 2020,1.55339805825243
"641","92657","0-6",Oct 2020,1.14285714285714
"642","92657","0-6",Nov 2020,2.51322751322751
"643","92657","6-12",Dec 2020,6.62878787878788
"644","92657","6-12",Jan 2021,7.62970498474059
"645","92657","0-6",Feb 2021,2.84810126582278
"646","92657","0-6",Mar 2021,1.35746606334842
"647","92657","0-6",Apr 2021,0.589970501474926
"648","92657","0-6",May 2021,1.04321907600596
"649","92657","0-6",Jun 2021,0.615384615384615
"650","92657","0-6",Jul 2021,4.99265785609398
"651","92657","6-12",Aug 2021,6.2992125984252
"652","92660","12-18",Mar 2020,16.5413533834586
"653","92660","0-6",Apr 2020,4.18250950570342
"654","92660","0-6",May 2020,1.5625
"655","92660","6-12",Jun 2020,9.55465587044534
"656","92660","6-12",Jul 2020,7.42763517203714
"657","92660","0-6",Aug 2020,1.94805194805195
"658","92660","0-6",Sep 2020,1.67417900837089
"659","92660","0-6",Oct 2020,2.02117420596728
"660","92660","0-6",Nov 2020,3.77800066867268
"661","92660","6-12",Dec 2020,6.86061658706036
"662","92660","6-12",Jan 2021,8.31942789034565
"663","92660","0-6",Feb 2021,3.2801685224195
"664","92660","0-6",Mar 2021,1.46474677259186
"665","92660","0-6",Apr 2021,0.985090521831736
"666","92660","0-6",May 2021,0.646830530401035
"667","92660","0-6",Jun 2021,1.38963121325494
"668","92660","0-6",Jul 2021,5.27831094049904
"669","92660","0-6",Aug 2021,5.85424133811231
"670","92661",">30",Mar 2020,33.3333333333333
"671","92661","0-6",Apr 2020,4.34782608695652
"672","92661","0-6",May 2020,1.66666666666667
"673","92661","12-18",Jun 2020,17.0731707317073
"674","92661","6-12",Jul 2020,9.74025974025974
"675","92661","0-6",Aug 2020,0.775193798449612
"676","92661","0-6",Sep 2020,3.64963503649635
"677","92661","0-6",Oct 2020,2.8735632183908
"678","92661","0-6",Nov 2020,2.31023102310231
"679","92661","6-12",Dec 2020,8.49256900212314
"680","92661","6-12",Jan 2021,7.6555023923445
"681","92661","0-6",Feb 2021,4.7808764940239
"682","92661","0-6",Mar 2021,2.8169014084507
"683","92661","0-6",Apr 2021,1.93050193050193
"684","92661","0-6",May 2021,2.3121387283237
"685","92661","0-6",Jun 2021,1.50753768844221
"686","92661","0-6",Jul 2021,5.17241379310345
"687","92661","0-6",Aug 2021,3.2258064516129
"688","92662","0-6",Feb 2020,0
"689","92662","6-12",Mar 2020,11.1111111111111
"690","92662","0-6",Apr 2020,5
"691","92662","0-6",May 2020,0
"692","92662","6-12",Jun 2020,7.60869565217391
"693","92662","6-12",Jul 2020,10.2803738317757
"694","92662","0-6",Aug 2020,2.12765957446809
"695","92662","0-6",Sep 2020,1.13636363636364
"696","92662","0-6",Oct 2020,1.45985401459854
"697","92662","0-6",Nov 2020,2.39234449760766
"698","92662","6-12",Dec 2020,8.91089108910891
"699","92662","6-12",Jan 2021,11.284046692607
"700","92662","0-6",Feb 2021,0.699300699300699
"701","92662","0-6",Mar 2021,1.42857142857143
"702","92662","0-6",Apr 2021,0.490196078431373
"703","92662","0-6",May 2021,0
"704","92662","0-6",Jun 2021,0
"705","92662","0-6",Jul 2021,5.26315789473684
"706","92662","12-18",Aug 2021,13.8888888888889
"707","92663","0-6",Feb 2020,0
"708","92663","18-24",Mar 2020,18.1818181818182
"709","92663","6-12",Apr 2020,8.22784810126582
"710","92663","6-12",May 2020,7.93650793650794
"711","92663","12-18",Jun 2020,13.7865911237016
"712","92663","6-12",Jul 2020,10.6539309331374
"713","92663","0-6",Aug 2020,1.97693574958814
"714","92663","0-6",Sep 2020,3.38849487785658
"715","92663","0-6",Oct 2020,2.08333333333333
"716","92663","0-6",Nov 2020,4.3343653250774
"717","92663","6-12",Dec 2020,9.46773433820066
"718","92663","6-12",Jan 2021,8.59181992863025
"719","92663","0-6",Feb 2021,2.76243093922652
"720","92663","0-6",Mar 2021,2.20125786163522
"721","92663","0-6",Apr 2021,1.3120131201312
"722","92663","0-6",May 2021,0.402212166918049
"723","92663","0-6",Jun 2021,1.02201257861635
"724","92663","6-12",Jul 2021,6.61818181818182
"725","92663","6-12",Aug 2021,7.14285714285714
"726","92672","12-18",Mar 2020,12.2950819672131
"727","92672","0-6",Apr 2020,3.9568345323741
"728","92672","0-6",May 2020,3.03030303030303
"729","92672","6-12",Jun 2020,6.01357904946654
"730","92672","6-12",Jul 2020,8.27123695976155
"731","92672","0-6",Aug 2020,4.09252669039146
"732","92672","0-6",Sep 2020,3.68975903614458
"733","92672","0-6",Oct 2020,2.9247044181705
"734","92672","6-12",Nov 2020,7.62331838565022
"735","92672","12-18",Dec 2020,13.7444690265487
"736","92672","12-18",Jan 2021,13.4089586969168
"737","92672","6-12",Feb 2021,6.05187319884726
"738","92672","0-6",Mar 2021,1.06112054329372
"739","92672","0-6",Apr 2021,1.24784853700516
"740","92672","0-6",May 2021,1.19729307652264
"741","92672","0-6",Jun 2021,1.87463386057411
"742","92672","6-12",Jul 2021,6.83949255377827
"743","92672","6-12",Aug 2021,9.95792426367461
"744","92673","12-18",Mar 2020,17.3469387755102
"745","92673","0-6",Apr 2020,1.37614678899083
"746","92673","0-6",May 2020,1.23152709359606
"747","92673","0-6",Jun 2020,4.20792079207921
"748","92673","6-12",Jul 2020,8.67537313432836
"749","92673","0-6",Aug 2020,2.38589211618257
"750","92673","0-6",Sep 2020,3.80868024800709
"751","92673","0-6",Oct 2020,2.29062276306371
"752","92673","6-12",Nov 2020,7.11382113821138
"753","92673","12-18",Dec 2020,13.1732418524871
"754","92673","12-18",Jan 2021,12.6699834162521
"755","92673","0-6",Feb 2021,4.77285796434733
"756","92673","0-6",Mar 2021,1.22525918944392
"757","92673","0-6",Apr 2021,1.49253731343284
"758","92673","0-6",May 2021,1.26002290950745
"759","92673","0-6",Jun 2021,1.3840830449827
"760","92673","6-12",Jul 2021,6.44963144963145
"761","92673","12-18",Aug 2021,12.1317157712305
"762","92675","12-18",Mar 2020,14.5161290322581
"763","92675","0-6",Apr 2020,4.33070866141732
"764","92675","0-6",May 2020,5.83468395461913
"765","92675","6-12",Jun 2020,6.62020905923345
"766","92675","12-18",Jul 2020,12.981455064194
"767","92675","6-12",Aug 2020,8.04140127388535
"768","92675","6-12",Sep 2020,6.63478780633592
"769","92675","0-6",Oct 2020,4.85222761358624
"770","92675","6-12",Nov 2020,10.0805040252013
"771","92675","12-18",Dec 2020,17.7422537990922
"772","92675","12-18",Jan 2021,16.0883280757098
"773","92675","0-6",Feb 2021,4.74260235103364
"774","92675","0-6",Mar 2021,1.5245158632056
"775","92675","0-6",Apr 2021,2.17489805165383
"776","92675","0-6",May 2021,0.93734583127775
"777","92675","0-6",Jun 2021,0.766961651917404
"778","92675","6-12",Jul 2021,6.51588583737211
"779","92675","6-12",Aug 2021,10.4774535809019
"780","92677","6-12",Mar 2020,9.23694779116466
"781","92677","0-6",Apr 2020,2.10280373831776
"782","92677","0-6",May 2020,0.985221674876847
"783","92677","0-6",Jun 2020,5.67117585848075
"784","92677","6-12",Jul 2020,6.54439349729054
"785","92677","0-6",Aug 2020,3.28810020876827
"786","92677","0-6",Sep 2020,2.65689418231791
"787","92677","0-6",Oct 2020,2.50762453405625
"788","92677","0-6",Nov 2020,5.44588155207624
"789","92677","6-12",Dec 2020,11.4897212052943
"790","92677","6-12",Jan 2021,10.7065138546351
"791","92677","0-6",Feb 2021,3.86946386946387
"792","92677","0-6",Mar 2021,1.47523709167545
"793","92677","0-6",Apr 2021,0.841291496134607
"794","92677","0-6",May 2021,0.75678496868476
"795","92677","0-6",Jun 2021,0.630820066085912
"796","92677","6-12",Jul 2021,7.28008088978766
"797","92677","6-12",Aug 2021,6.62609871534821
"798","92679","6-12",Mar 2020,10.6666666666667
"799","92679","0-6",Apr 2020,2.35294117647059
"800","92679","0-6",May 2020,1.19904076738609
"801","92679","6-12",Jun 2020,7.63888888888889
"802","92679","6-12",Jul 2020,8.56911883589329
"803","92679","0-6",Aug 2020,2.36305048335124
"804","92679","0-6",Sep 2020,2.34521575984991
"805","92679","0-6",Oct 2020,2.16138328530259
"806","92679","0-6",Nov 2020,5.5582406959884
"807","92679","12-18",Dec 2020,12.1733377439629
"808","92679","6-12",Jan 2021,9
"809","92679","0-6",Feb 2021,3.6053882725832
"810","92679","0-6",Mar 2021,1.6812865497076
"811","92679","0-6",Apr 2021,0.785773366418528
"812","92679","0-6",May 2021,0.731570061902082
"813","92679","0-6",Jun 2021,0.606796116504854
"814","92679","6-12",Jul 2021,7.42924528301887
"815","92679","6-12",Aug 2021,8.31024930747922
"816","92683","0-6",Mar 2020,2.60869565217391
"817","92683","6-12",Apr 2020,6.86274509803922
"818","92683","6-12",May 2020,6.71140939597315
"819","92683","6-12",Jun 2020,9.31058990760483
"820","92683","6-12",Jul 2020,8.72410032715376
"821","92683","0-6",Aug 2020,5.34647550776583
"822","92683","0-6",Sep 2020,3.85999345763821
"823","92683","0-6",Oct 2020,3.31296992481203
"824","92683","6-12",Nov 2020,10.454610641044
"825","92683","12-18",Dec 2020,17.7443798939126
"826","92683","12-18",Jan 2021,12.4137015400956
"827","92683","0-6",Feb 2021,5.30284602286548
"828","92683","0-6",Mar 2021,2.00989486703772
"829","92683","0-6",Apr 2021,1.04977375565611
"830","92683","0-6",May 2021,0.506435956952944
"831","92683","0-6",Jun 2021,0.751691305437234
"832","92683","0-6",Jul 2021,5.75688548353696
"833","92683","6-12",Aug 2021,7.67289247854619
"834","92688","0-6",Feb 2020,0
"835","92688","0-6",Mar 2020,5.40540540540541
"836","92688","0-6",Apr 2020,3.2258064516129
"837","92688","0-6",May 2020,1.70940170940171
"838","92688","6-12",Jun 2020,8.10810810810811
"839","92688","6-12",Jul 2020,6.61387983232417
"840","92688","0-6",Aug 2020,2.85918513223731
"841","92688","0-6",Sep 2020,2.03303684879288
"842","92688","0-6",Oct 2020,2.0604997807979
"843","92688","0-6",Nov 2020,5.19563822963438
"844","92688","12-18",Dec 2020,12.3037676609105
"845","92688","6-12",Jan 2021,11.3053844625472
"846","92688","0-6",Feb 2021,3.9397053785543
"847","92688","0-6",Mar 2021,1.71749036102348
"848","92688","0-6",Apr 2021,1.58668730650155
"849","92688","0-6",May 2021,0.798580301685892
"850","92688","0-6",Jun 2021,0.841825431989366
"851","92688","6-12",Jul 2021,7.90004030632809
"852","92688","6-12",Aug 2021,10.9004739336493
"853","92691","0-6",Feb 2020,0
"854","92691","6-12",Mar 2020,8
"855","92691","0-6",Apr 2020,3.54609929078014
"856","92691","0-6",May 2020,2.94117647058824
"857","92691","6-12",Jun 2020,8.68470736312146
"858","92691","6-12",Jul 2020,8.77684407096172
"859","92691","0-6",Aug 2020,3.01167793484942
"860","92691","0-6",Sep 2020,3.61894624800426
"861","92691","0-6",Oct 2020,2.59332023575638
"862","92691","6-12",Nov 2020,6.86591276252019
"863","92691","12-18",Dec 2020,13.4163871586009
"864","92691","6-12",Jan 2021,10.8546255506608
"865","92691","0-6",Feb 2021,4.3282743114109
"866","92691","0-6",Mar 2021,1.30699088145897
"867","92691","0-6",Apr 2021,1.03460577952194
"868","92691","0-6",May 2021,0.889060688055663
"869","92691","0-6",Jun 2021,0.478885502829778
"870","92691","6-12",Jul 2021,6.57894736842105
"871","92691","12-18",Aug 2021,12.5330979699912
"872","92692","0-6",Feb 2020,0
"873","92692","6-12",Mar 2020,11.5942028985507
"874","92692","0-6",Apr 2020,3.74149659863946
"875","92692","0-6",May 2020,1.62381596752368
"876","92692","6-12",Jun 2020,6.65322580645161
"877","92692","6-12",Jul 2020,6.01233299075026
"878","92692","0-6",Aug 2020,2.70793036750484
"879","92692","0-6",Sep 2020,2.49052517596102
"880","92692","0-6",Oct 2020,2.26302305721605
"881","92692","0-6",Nov 2020,5.76009501187648
"882","92692","6-12",Dec 2020,11.4714227807053
"883","92692","6-12",Jan 2021,11.7576243980738
"884","92692","0-6",Feb 2021,3.94483643361129
"885","92692","0-6",Mar 2021,1.55902004454343
"886","92692","0-6",Apr 2021,1.19802677942213
"887","92692","0-6",May 2021,0.657894736842105
"888","92692","0-6",Jun 2021,0.425531914893617
"889","92692","0-6",Jul 2021,5.03703703703704
"890","92692","0-6",Aug 2021,5.94732370433305
"891","92694","0-6",Jan 2020,0
"892","92694","0-6",Feb 2020,0
"893","92694","6-12",Mar 2020,7.86516853932584
"894","92694","0-6",Apr 2020,4.08163265306122
"895","92694","0-6",May 2020,1.47420147420147
"896","92694","6-12",Jun 2020,7.6844262295082
"897","92694","0-6",Jul 2020,5.05438259756878
"898","92694","0-6",Aug 2020,2.1079258010118
"899","92694","0-6",Sep 2020,2.08816705336427
"900","92694","0-6",Oct 2020,2.05655526992288
"901","92694","0-6",Nov 2020,5.57418273260687
"902","92694","12-18",Dec 2020,12.3406900839291
"903","92694","6-12",Jan 2021,10.4615384615385
"904","92694","0-6",Feb 2021,3.59605911330049
"905","92694","0-6",Mar 2021,0.960735171261487
"906","92694","0-6",Apr 2021,0.978393803505911
"907","92694","0-6",May 2021,0.445544554455446
"908","92694","0-6",Jun 2021,0.654911838790932
"909","92694","0-6",Jul 2021,5.25817148270962
"910","92694","6-12",Aug 2021,9.0689238210399
"911","92697","0-6",Jun 2020,0
"912","92697","0-6",Jul 2020,0
"913","92697","0-6",Sep 2020,0
"914","92697","0-6",Oct 2020,0
"915","92697","0-6",Nov 2020,0
"916","92697","0-6",Dec 2020,2.85714285714286
"917","92697","6-12",Jan 2021,8.45070422535211
"918","92697","0-6",Feb 2021,0
"919","92697","0-6",Mar 2021,0
"920","92697","0-6",Apr 2021,0
"921","92697","0-6",May 2021,0
"922","92697","0-6",Jun 2021,0
"923","92697","0-6",Jul 2021,0
"924","92697","0-6",Aug 2021,0
"925","92701","12-18",Mar 2020,14.2857142857143
"926","92701","12-18",Apr 2020,14.2348754448399
"927","92701","18-24",May 2020,20.7831325301205
"928","92701","18-24",Jun 2020,22.3446893787575
"929","92701","24-30",Jul 2020,24.0719910011249
"930","92701","12-18",Aug 2020,13.3424408014572
"931","92701","6-12",Sep 2020,6.89333954354914
"932","92701","0-6",Oct 2020,5.84415584415584
"933","92701","12-18",Nov 2020,13.8285024154589
"934","92701","24-30",Dec 2020,24.5295571184186
"935","92701","12-18",Jan 2021,16.6986370519939
"936","92701","6-12",Feb 2021,6.20376998329754
"937","92701","0-6",Mar 2021,2.125
"938","92701","0-6",Apr 2021,1.07185391028186
"939","92701","0-6",May 2021,0.472508591065292
"940","92701","0-6",Jun 2021,1.01604278074866
"941","92701","0-6",Jul 2021,5.66512798992866
"942","92701","6-12",Aug 2021,6.84624017957351
"943","92703","0-6",Jan 2020,0
"944","92703","0-6",Feb 2020,0
"945","92703","6-12",Mar 2020,9.52380952380952
"946","92703",">30",Apr 2020,32.0861678004535
"947","92703","12-18",May 2020,13.9479905437352
"948","92703","12-18",Jun 2020,16.0658794282163
"949","92703","18-24",Jul 2020,19.3144208037825
"950","92703","6-12",Aug 2020,8.17963111467522
"951","92703","0-6",Sep 2020,5.01160092807425
"952","92703","0-6",Oct 2020,4.9230184375594
"953","92703","12-18",Nov 2020,14.3295410967659
"954","92703","18-24",Dec 2020,22.9145834429767
"955","92703","12-18",Jan 2021,12.3922734026746
"956","92703","0-6",Feb 2021,3.81990424773352
"957","92703","0-6",Mar 2021,1.37843282790796
"958","92703","0-6",Apr 2021,0.764635603345281
"959","92703","0-6",May 2021,0.403601366035393
"960","92703","0-6",Jun 2021,0.452116728318948
"961","92703","0-6",Jul 2021,3.22885196374622
"962","92703","0-6",Aug 2021,4.92424242424242
"963","92704",">30",Feb 2020,100
"964","92704","12-18",Mar 2020,12.7659574468085
"965","92704","12-18",Apr 2020,14.0105078809107
"966","92704","12-18",May 2020,13.9272271016311
"967","92704","18-24",Jun 2020,23.5168846972924
"968","92704","18-24",Jul 2020,21.3257142857143
"969","92704","6-12",Aug 2020,9.83658076681333
"970","92704","6-12",Sep 2020,8.43601895734597
"971","92704","6-12",Oct 2020,6.71908506075768
"972","92704","12-18",Nov 2020,14.9706074461137
"973","92704","18-24",Dec 2020,23.1591983787435
"974","92704","12-18",Jan 2021,17.3861876742025
"975","92704","6-12",Feb 2021,6.33022170361727
"976","92704","0-6",Mar 2021,2.45431744894303
"977","92704","0-6",Apr 2021,1.18700541441066
"978","92704","0-6",May 2021,0.715990453460621
"979","92704","0-6",Jun 2021,1.06041131105398
"980","92704","0-6",Jul 2021,4.93562231759657
"981","92704","6-12",Aug 2021,8.4230525649145
"982","92705","24-30",Feb 2020,26.7857142857143
"983","92705","6-12",Mar 2020,9.89010989010989
"984","92705","6-12",Apr 2020,6.40569395017794
"985","92705","0-6",May 2020,5.38302277432712
"986","92705","12-18",Jun 2020,12.3615160349854
"987","92705","12-18",Jul 2020,14.2390860873113
"988","92705","6-12",Aug 2020,6.3526834611172
"989","92705","0-6",Sep 2020,4.28149606299213
"990","92705","0-6",Oct 2020,4.80174608948709
"991","92705","6-12",Nov 2020,9.02480752780154
"992","92705","12-18",Dec 2020,16.6853582554517
"993","92705","12-18",Jan 2021,12.6565051714752
"994","92705","0-6",Feb 2021,4.12060301507538
"995","92705","0-6",Mar 2021,1.55228758169935
"996","92705","0-6",Apr 2021,1.26728110599078
"997","92705","0-6",May 2021,0.572246065808298
"998","92705","0-6",Jun 2021,0.583203732503888
"999","92705","0-6",Jul 2021,5.93883357041252
"1000","92705","6-12",Aug 2021,9.22930542340628
"1001","92706","6-12",Mar 2020,10.4166666666667
"1002","92706","12-18",Apr 2020,12.719298245614
"1003","92706","12-18",May 2020,16.6160081053698
"1004","92706","18-24",Jun 2020,18.3701657458564
"1005","92706","18-24",Jul 2020,20.0098814229249
"1006","92706","6-12",Aug 2020,10.2941176470588
"1007","92706","0-6",Sep 2020,5.72188955422488
"1008","92706","0-6",Oct 2020,5.16160154365654
"1009","92706","12-18",Nov 2020,12.2778675282714
"1010","92706","18-24",Dec 2020,20.4714791743007
"1011","92706","12-18",Jan 2021,16.5031483379704
"1012","92706","0-6",Feb 2021,5.49983824005176
"1013","92706","0-6",Mar 2021,2.40029542097489
"1014","92706","0-6",Apr 2021,0.942184154175589
"1015","92706","0-6",May 2021,0.560224089635854
"1016","92706","0-6",Jun 2021,0.547778454047474
"1017","92706","6-12",Jul 2021,6.08034744842562
"1018","92706","6-12",Aug 2021,7.31070496083551
"1019","92707",">30",Feb 2020,100
"1020","92707","6-12",Mar 2020,6.84931506849315
"1021","92707","12-18",Apr 2020,14.0921409214092
"1022","92707","12-18",May 2020,16.3382594417077
"1023","92707","18-24",Jun 2020,23.4307824591574
"1024","92707","18-24",Jul 2020,20.7238605898123
"1025","92707","6-12",Aug 2020,11.7017481270068
"1026","92707","6-12",Sep 2020,8.87040887040887
"1027","92707","6-12",Oct 2020,7.17391304347826
"1028","92707","12-18",Nov 2020,13.6413641364136
"1029","92707","18-24",Dec 2020,23.3212534640802
"1030","92707","12-18",Jan 2021,16.1217587373168
"1031","92707","6-12",Feb 2021,6.78976726293518
"1032","92707","0-6",Mar 2021,2.3407022106632
"1033","92707","0-6",Apr 2021,1.23421354764638
"1034","92707","0-6",May 2021,0.768775872264932
"1035","92707","0-6",Jun 2021,1.03544404619673
"1036","92707","0-6",Jul 2021,5.79288025889968
"1037","92707","6-12",Aug 2021,8.90287769784173
"1038","92708","0-6",Feb 2020,0
"1039","92708","12-18",Mar 2020,12.2641509433962
"1040","92708","0-6",Apr 2020,5.07042253521127
"1041","92708","0-6",May 2020,2.97297297297297
"1042","92708","6-12",Jun 2020,6.49284253578732
"1043","92708","6-12",Jul 2020,8.55263157894737
"1044","92708","0-6",Aug 2020,3.40854536725876
"1045","92708","0-6",Sep 2020,1.28700128700129
"1046","92708","0-6",Oct 2020,2.2948758252122
"1047","92708","6-12",Nov 2020,7.76143790849673
"1048","92708","12-18",Dec 2020,14.4495670752277
"1049","92708","6-12",Jan 2021,10.7150763781271
"1050","92708","0-6",Feb 2021,4.25409047160731
"1051","92708","0-6",Mar 2021,1.64554147209251
"1052","92708","0-6",Apr 2021,1.35310954983086
"1053","92708","0-6",May 2021,0.823162077774624
"1054","92708","0-6",Jun 2021,0.99866844207723
"1055","92708","0-6",Jul 2021,5.45764638999431
"1056","92708","6-12",Aug 2021,7.54966887417219
"1057","92780",">30",Feb 2020,50
"1058","92780","0-6",Mar 2020,4.28571428571429
"1059","92780","6-12",Apr 2020,8.16326530612245
"1060","92780","6-12",May 2020,7.08061002178649
"1061","92780","12-18",Jun 2020,13.3624878522838
"1062","92780","12-18",Jul 2020,15.3621068032187
"1063","92780","6-12",Aug 2020,7.51915708812261
"1064","92780","0-6",Sep 2020,5.60344827586207
"1065","92780","0-6",Oct 2020,4.91967871485944
"1066","92780","6-12",Nov 2020,9.42967507384685
"1067","92780","18-24",Dec 2020,19.3160152526215
"1068","92780","12-18",Jan 2021,15.8491863396745
"1069","92780","0-6",Feb 2021,4.95026601896831
"1070","92780","0-6",Mar 2021,1.83159501399135
"1071","92780","0-6",Apr 2021,1.43008474576271
"1072","92780","0-6",May 2021,0.581594252480328
"1073","92780","0-6",Jun 2021,0.821089023336214
"1074","92780","6-12",Jul 2021,6.57112897588256
"1075","92780","6-12",Aug 2021,8.715953307393
"1076","92782","6-12",Mar 2020,7.57575757575758
"1077","92782","0-6",Apr 2020,2.75862068965517
"1078","92782","0-6",May 2020,2.5706940874036
"1079","92782","6-12",Jun 2020,8.82051282051282
"1080","92782","6-12",Jul 2020,7.41056218057922
"1081","92782","0-6",Aug 2020,2.47678018575851
"1082","92782","0-6",Sep 2020,3.24032403240324
"1083","92782","0-6",Oct 2020,1.45454545454545
"1084","92782","6-12",Nov 2020,6.13853172957279
"1085","92782","6-12",Dec 2020,10.5801175568617
"1086","92782","6-12",Jan 2021,9.72628222163168
"1087","92782","0-6",Feb 2021,2.68794624107518
"1088","92782","0-6",Mar 2021,1.16429495472186
"1089","92782","0-6",Apr 2021,1.66739798157086
"1090","92782","0-6",May 2021,0.531632110579479
"1091","92782","0-6",Jun 2021,0.460034502587694
"1092","92782","0-6",Jul 2021,4.48179271708683
"1093","92782","6-12",Aug 2021,6.21621621621622
"1094","92801","0-6",Jan 2020,0
"1095","92801",">30",Feb 2020,50
"1096","92801","12-18",Mar 2020,12.987012987013
"1097","92801","12-18",Apr 2020,14.5833333333333
"1098","92801","6-12",May 2020,10.2664576802508
"1099","92801","12-18",Jun 2020,14.354527938343
"1100","92801","12-18",Jul 2020,13.7377341659233
"1101","92801","6-12",Aug 2020,7.6255980861244
"1102","92801","0-6",Sep 2020,4.20353982300885
"1103","92801","0-6",Oct 2020,4.47193149381541
"1104","92801","6-12",Nov 2020,11.057836379982
"1105","92801","18-24",Dec 2020,19.2704095470572
"1106","92801","12-18",Jan 2021,14.6570670708602
"1107","92801","0-6",Feb 2021,5.39984164687253
"1108","92801","0-6",Mar 2021,2.10724365004704
"1109","92801","0-6",Apr 2021,1.1860051393556
"1110","92801","0-6",May 2021,0.615967780146885
"1111","92801","0-6",Jun 2021,0.817191283292978
"1112","92801","0-6",Jul 2021,5.57851239669422
"1113","92801","6-12",Aug 2021,7.15630885122411
"1114","92802","0-6",Feb 2020,0
"1115","92802","18-24",Mar 2020,21.4285714285714
"1116","92802","0-6",Apr 2020,5.72390572390572
"1117","92802","12-18",May 2020,13.472706155633
"1118","92802","12-18",Jun 2020,17.9187534780189
"1119","92802","12-18",Jul 2020,16.7827042872847
"1120","92802","6-12",Aug 2020,8.04545454545454
"1121","92802","0-6",Sep 2020,4.78424015009381
"1122","92802","0-6",Oct 2020,4.07534246575342
"1123","92802","6-12",Nov 2020,11.1954022988506
"1124","92802","18-24",Dec 2020,20.0482606072793
"1125","92802","12-18",Jan 2021,14.192930153322
"1126","92802","0-6",Feb 2021,4.93692909960853
"1127","92802","0-6",Mar 2021,1.7454954954955
"1128","92802","0-6",Apr 2021,1.3418725221104
"1129","92802","0-6",May 2021,0.570816981805209
"1130","92802","0-6",Jun 2021,0.836042731072921
"1131","92802","0-6",Jul 2021,5.44267053701016
"1132","92802","6-12",Aug 2021,8.47290640394089
"1133","92804",">30",Feb 2020,37.5
"1134","92804","6-12",Mar 2020,10.2564102564103
"1135","92804","6-12",Apr 2020,11.4470842332613
"1136","92804","6-12",May 2020,10.3106125970664
"1137","92804","12-18",Jun 2020,13.5343309859155
"1138","92804","12-18",Jul 2020,12.650031585597
"1139","92804","6-12",Aug 2020,7.14895433205292
"1140","92804","0-6",Sep 2020,4.62167689161554
"1141","92804","0-6",Oct 2020,3.6425902864259
"1142","92804","6-12",Nov 2020,9.26670287887018
"1143","92804","18-24",Dec 2020,18.6531498913831
"1144","92804","12-18",Jan 2021,13.1659388646288
"1145","92804","0-6",Feb 2021,5.19249972262288
"1146","92804","0-6",Mar 2021,1.83926429428229
"1147","92804","0-6",Apr 2021,0.829163688348821
"1148","92804","0-6",May 2021,0.851419031719533
"1149","92804","0-6",Jun 2021,0.932449233319519
"1150","92804","0-6",Jul 2021,4.86173865895536
"1151","92804","6-12",Aug 2021,6.74157303370786
"1152","92805","24-30",Mar 2020,26.1363636363636
"1153","92805","12-18",Apr 2020,16.5938864628821
"1154","92805","12-18",May 2020,15.7718120805369
"1155","92805","18-24",Jun 2020,20.1208459214502
"1156","92805","12-18",Jul 2020,15.5793148592625
"1157","92805","6-12",Aug 2020,10.4049493813273
"1158","92805","6-12",Sep 2020,6.2137049941928
"1159","92805","0-6",Oct 2020,5.8307210031348
"1160","92805","12-18",Nov 2020,12.4709103353867
"1161","92805","18-24",Dec 2020,21.2166260331807
"1162","92805","12-18",Jan 2021,15.1772247360483
"1163","92805","0-6",Feb 2021,4.9812030075188
"1164","92805","0-6",Mar 2021,2.34400792340706
"1165","92805","0-6",Apr 2021,1.43923240938166
"1166","92805","0-6",May 2021,0.579647917561185
"1167","92805","0-6",Jun 2021,0.918790752815649
"1168","92805","0-6",Jul 2021,5.02431118314425
"1169","92805","6-12",Aug 2021,7.14749837556855
"1170","92806","12-18",Mar 2020,12.5
"1171","92806","12-18",Apr 2020,14.8854961832061
"1172","92806","6-12",May 2020,9.43181818181818
"1173","92806","12-18",Jun 2020,17.5026680896478
"1174","92806","12-18",Jul 2020,15.7850545759866
"1175","92806","6-12",Aug 2020,7.82122905027933
"1176","92806","0-6",Sep 2020,4.73273942093541
"1177","92806","0-6",Oct 2020,5.2961945861122
"1178","92806","6-12",Nov 2020,10.014985014985
"1179","92806","18-24",Dec 2020,18.4028956000452
"1180","92806","6-12",Jan 2021,10.6833867988724
"1181","92806","0-6",Feb 2021,3.62099218376137
"1182","92806","0-6",Mar 2021,1.19067036372533
"1183","92806","0-6",Apr 2021,0.701694335101831
"1184","92806","0-6",May 2021,0.598056316969848
"1185","92806","0-6",Jun 2021,0.993227990970655
"1186","92806","0-6",Jul 2021,4.98732037193576
"1187","92806","6-12",Aug 2021,8.09628008752735
"1188","92807","0-6",Jan 2020,0
"1189","92807","0-6",Feb 2020,0
"1190","92807","12-18",Mar 2020,13.4328358208955
"1191","92807","0-6",Apr 2020,4.44444444444444
"1192","92807","0-6",May 2020,3.26594090202177
"1193","92807","6-12",Jun 2020,9.46470131885182
"1194","92807","6-12",Jul 2020,9.93227990970655
"1195","92807","0-6",Aug 2020,4.90753911806543
"1196","92807","0-6",Sep 2020,3.60860513532269
"1197","92807","0-6",Oct 2020,3.6986301369863
"1198","92807","6-12",Nov 2020,8.40875912408759
"1199","92807","12-18",Dec 2020,15.015923566879
"1200","92807","6-12",Jan 2021,11.4599156118143
"1201","92807","0-6",Feb 2021,4.01206636500754
"1202","92807","0-6",Mar 2021,1.78514504303475
"1203","92807","0-6",Apr 2021,1.67322834645669
"1204","92807","0-6",May 2021,0.254345061466723
"1205","92807","0-6",Jun 2021,1.23796423658872
"1206","92807","6-12",Jul 2021,6.9113627489262
"1207","92807","6-12",Aug 2021,8.75
"1208","92808","12-18",Mar 2020,12.962962962963
"1209","92808","0-6",Apr 2020,5.3030303030303
"1210","92808","0-6",May 2020,2.4390243902439
"1211","92808","6-12",Jun 2020,6.80173661360347
"1212","92808","6-12",Jul 2020,10.6476399560922
"1213","92808","0-6",Aug 2020,3.66350067842605
"1214","92808","0-6",Sep 2020,3.06258322237017
"1215","92808","0-6",Oct 2020,2.07972270363951
"1216","92808","6-12",Nov 2020,7.24299065420561
"1217","92808","12-18",Dec 2020,12.962962962963
"1218","92808","12-18",Jan 2021,12.3452544704264
"1219","92808","0-6",Feb 2021,4.16666666666667
"1220","92808","0-6",Mar 2021,1.21250797702616
"1221","92808","0-6",Apr 2021,1.18203309692671
"1222","92808","0-6",May 2021,0.54773082942097
"1223","92808","0-6",Jun 2021,0.638103919781221
"1224","92808","0-6",Jul 2021,5.78571428571429
"1225","92808","6-12",Aug 2021,9.98307952622674
"1226","92821","0-6",Jan 2020,0
"1227","92821","6-12",Mar 2020,6.84931506849315
"1228","92821","0-6",Apr 2020,3.2520325203252
"1229","92821","0-6",May 2020,3.31360946745562
"1230","92821","6-12",Jun 2020,8.27266710787558
"1231","92821","6-12",Jul 2020,8.8878096163186
"1232","92821","0-6",Aug 2020,3.65217391304348
"1233","92821","0-6",Sep 2020,2.22092343658679
"1234","92821","0-6",Oct 2020,3.3809166040571
"1235","92821","6-12",Nov 2020,7.06465067778936
"1236","92821","12-18",Dec 2020,13.5320742937412
"1237","92821","6-12",Jan 2021,8.692710975816
"1238","92821","0-6",Feb 2021,3.71248025276461
"1239","92821","0-6",Mar 2021,0.983975260050604
"1240","92821","0-6",Apr 2021,0.925925925925926
"1241","92821","0-6",May 2021,0.518292682926829
"1242","92821","0-6",Jun 2021,0.637755102040816
"1243","92821","0-6",Jul 2021,5.62100302928307
"1244","92821","6-12",Aug 2021,7.59592795614722
"1245","92823","6-12",Mar 2020,9.09090909090909
"1246","92823","6-12",Apr 2020,9.75609756097561
"1247","92823","0-6",May 2020,1.13636363636364
"1248","92823","6-12",Jun 2020,6.91489361702128
"1249","92823","0-6",Jul 2020,4.63320463320463
"1250","92823","0-6",Aug 2020,3.90243902439024
"1251","92823","0-6",Sep 2020,2.56410256410256
"1252","92823","0-6",Oct 2020,2.86458333333333
"1253","92823","6-12",Nov 2020,6.6
"1254","92823","12-18",Dec 2020,13.423645320197
"1255","92823","12-18",Jan 2021,14.0643623361144
"1256","92823","0-6",Feb 2021,1.84696569920844
"1257","92823","0-6",Mar 2021,1.27388535031847
"1258","92823","0-6",Apr 2021,1.95121951219512
"1259","92823","0-6",May 2021,0.466200466200466
"1260","92823","0-6",Jun 2021,0.549450549450549
"1261","92823","0-6",Jul 2021,4.80549199084668
"1262","92823","0-6",Aug 2021,5.91715976331361
"1263","92831","0-6",Mar 2020,2.7027027027027
"1264","92831","12-18",Apr 2020,13.2867132867133
"1265","92831","0-6",May 2020,5.95947556615018
"1266","92831","6-12",Jun 2020,10.5382436260623
"1267","92831","6-12",Jul 2020,10.0126209507783
"1268","92831","0-6",Aug 2020,5.01113585746102
"1269","92831","0-6",Sep 2020,3.68369351669941
"1270","92831","0-6",Oct 2020,3.24400564174894
"1271","92831","6-12",Nov 2020,7.15139918679742
"1272","92831","12-18",Dec 2020,13.3577712609971
"1273","92831","6-12",Jan 2021,11.3008247721024
"1274","92831","0-6",Feb 2021,3.71814872594904
"1275","92831","0-6",Mar 2021,1.11970141295655
"1276","92831","0-6",Apr 2021,1.12416964741952
"1277","92831","0-6",May 2021,0.53226879574185
"1278","92831","0-6",Jun 2021,1.17806977797916
"1279","92831","0-6",Jul 2021,5.75388492230155
"1280","92831","0-6",Aug 2021,5.90062111801242
"1281","92832","0-6",Jan 2020,0
"1282","92832","0-6",Feb 2020,0
"1283","92832","18-24",Mar 2020,18.4210526315789
"1284","92832","0-6",Apr 2020,5
"1285","92832","6-12",May 2020,6.45161290322581
"1286","92832","12-18",Jun 2020,16.2510056315366
"1287","92832","12-18",Jul 2020,14.5132743362832
"1288","92832","0-6",Aug 2020,5.95054095826893
"1289","92832","0-6",Sep 2020,2.861562258314
"1290","92832","0-6",Oct 2020,4.5480386583286
"1291","92832","6-12",Nov 2020,8.69723435225619
"1292","92832","12-18",Dec 2020,17.1984141967151
"1293","92832","12-18",Jan 2021,12.8568926256788
"1294","92832","0-6",Feb 2021,4.22258592471358
"1295","92832","0-6",Mar 2021,1.74520069808028
"1296","92832","0-6",Apr 2021,1.0258358662614
"1297","92832","0-6",May 2021,0.582807187955318
"1298","92832","0-6",Jun 2021,1.15291262135922
"1299","92832","0-6",Jul 2021,5.57851239669422
"1300","92832","6-12",Aug 2021,8.09248554913295
"1301","92833","0-6",Jan 2020,0
"1302","92833","6-12",Mar 2020,8.19672131147541
"1303","92833","6-12",Apr 2020,9.46969696969697
"1304","92833","0-6",May 2020,5.17241379310345
"1305","92833","6-12",Jun 2020,10.7962213225371
"1306","92833","6-12",Jul 2020,11.2244897959184
"1307","92833","0-6",Aug 2020,5.2170100832968
"1308","92833","0-6",Sep 2020,3.5793194874061
"1309","92833","0-6",Oct 2020,4.82999682237051
"1310","92833","6-12",Nov 2020,8.84133160397752
"1311","92833","12-18",Dec 2020,15.6239835194622
"1312","92833","6-12",Jan 2021,11.318212441051
"1313","92833","0-6",Feb 2021,3.84615384615385
"1314","92833","0-6",Mar 2021,1.29416598192276
"1315","92833","0-6",Apr 2021,0.678820791311094
"1316","92833","0-6",May 2021,0.377804014167651
"1317","92833","0-6",Jun 2021,0.721240533717995
"1318","92833","0-6",Jul 2021,3.70475919065261
"1319","92833","6-12",Aug 2021,6.85335298452469
"1320","92835","6-12",Mar 2020,10.2040816326531
"1321","92835","0-6",Apr 2020,1.0989010989011
"1322","92835","0-6",May 2020,1.75438596491228
"1323","92835","6-12",Jun 2020,6.97368421052632
"1324","92835","0-6",Jul 2020,4.62962962962963
"1325","92835","0-6",Aug 2020,5.70839064649243
"1326","92835","0-6",Sep 2020,5.72666025024062
"1327","92835","0-6",Oct 2020,2.19435736677116
"1328","92835","0-6",Nov 2020,4.05660377358491
"1329","92835","6-12",Dec 2020,9.65451055662188
"1330","92835","6-12",Jan 2021,7.8200424792431
"1331","92835","0-6",Feb 2021,2.99613402061856
"1332","92835","0-6",Mar 2021,0.66334991708126
"1333","92835","0-6",Apr 2021,0.703774792066539
"1334","92835","0-6",May 2021,0.405186385737439
"1335","92835","0-6",Jun 2021,0.544285007422068
"1336","92835","0-6",Jul 2021,4.10297666934835
"1337","92835","0-6",Aug 2021,4.88038277511962
"1338","92840",">30",Jan 2020,100
"1339","92840",">30",Feb 2020,50
"1340","92840","0-6",Mar 2020,4.6875
"1341","92840","6-12",Apr 2020,6.84523809523809
"1342","92840","6-12",May 2020,8.63787375415282
"1343","92840","12-18",Jun 2020,13.5098128708352
"1344","92840","6-12",Jul 2020,11.5603284902085
"1345","92840","0-6",Aug 2020,5.18401266323704
"1346","92840","0-6",Sep 2020,5.33698255217243
"1347","92840","0-6",Oct 2020,3.94398399542726
"1348","92840","6-12",Nov 2020,10.2774521297382
"1349","92840","18-24",Dec 2020,18.210234884344
"1350","92840","12-18",Jan 2021,13.5004907647006
"1351","92840","0-6",Feb 2021,5.36669542709232
"1352","92840","0-6",Mar 2021,1.51763740771124
"1353","92840","0-6",Apr 2021,0.624192854068016
"1354","92840","0-6",May 2021,0.690035881865857
"1355","92840","0-6",Jun 2021,1.10091743119266
"1356","92840","0-6",Jul 2021,4.94677520350657
"1357","92840","6-12",Aug 2021,7.18512256973795
"1358","92841","6-12",Mar 2020,11.3636363636364
"1359","92841","6-12",Apr 2020,6.94444444444444
"1360","92841","6-12",May 2020,7.43550834597876
"1361","92841","6-12",Jun 2020,11.8600682593857
"1362","92841","6-12",Jul 2020,10.7950872656755
"1363","92841","0-6",Aug 2020,4.52674897119342
"1364","92841","0-6",Sep 2020,2.73775216138329
"1365","92841","0-6",Oct 2020,3.125
"1366","92841","6-12",Nov 2020,11.046511627907
"1367","92841","18-24",Dec 2020,18.3338592615967
"1368","92841","12-18",Jan 2021,13.4286189130796
"1369","92841","0-6",Feb 2021,5.13643659711075
"1370","92841","0-6",Mar 2021,1.55497963717142
"1371","92841","0-6",Apr 2021,1.39886578449905
"1372","92841","0-6",May 2021,0.733496332518337
"1373","92841","0-6",Jun 2021,0.537634408602151
"1374","92841","0-6",Jul 2021,5.27251184834123
"1375","92841","6-12",Aug 2021,7.2992700729927
"1376","92843",">30",Jan 2020,50
"1377","92843","0-6",Feb 2020,0
"1378","92843","6-12",Mar 2020,10.9090909090909
"1379","92843","12-18",Apr 2020,14.5985401459854
"1380","92843","6-12",May 2020,7.93357933579336
"1381","92843","12-18",Jun 2020,14.047619047619
"1382","92843","12-18",Jul 2020,13.5312259059368
"1383","92843","6-12",Aug 2020,7.53554502369668
"1384","92843","0-6",Sep 2020,4.10557184750733
"1385","92843","0-6",Oct 2020,4.06091370558376
"1386","92843","12-18",Nov 2020,12.7777777777778
"1387","92843","18-24",Dec 2020,20.4813700532284
"1388","92843","12-18",Jan 2021,15.0817757009346
"1389","92843","6-12",Feb 2021,6.36341640454875
"1390","92843","0-6",Mar 2021,3.01724137931034
"1391","92843","0-6",Apr 2021,0.922685332484887
"1392","92843","0-6",May 2021,0.322234156820623
"1393","92843","0-6",Jun 2021,0.689655172413793
"1394","92843","0-6",Jul 2021,4.65293668954996
"1395","92843","6-12",Aug 2021,6.75273088381331
"1396","92844","0-6",Jan 2020,0
"1397","92844","12-18",Mar 2020,13.7931034482759
"1398","92844","12-18",Apr 2020,13.9344262295082
"1399","92844","0-6",May 2020,4.73684210526316
"1400","92844","6-12",Jun 2020,10.0550964187328
"1401","92844","6-12",Jul 2020,11.7525773195876
"1402","92844","6-12",Aug 2020,7.5187969924812
"1403","92844","0-6",Sep 2020,3.58126721763085
"1404","92844","0-6",Oct 2020,2.6026026026026
"1405","92844","6-12",Nov 2020,11.4197530864198
"1406","92844","18-24",Dec 2020,18.7358916478555
"1407","92844","12-18",Jan 2021,14.2821965033243
"1408","92844","0-6",Feb 2021,5.18482957273164
"1409","92844","0-6",Mar 2021,3.5077288941736
"1410","92844","0-6",Apr 2021,1.32867132867133
"1411","92844","0-6",May 2021,0.658978583196046
"1412","92844","0-6",Jun 2021,1.69133192389006
"1413","92844","0-6",Jul 2021,5.38461538461539
"1414","92844","6-12",Aug 2021,6.22222222222222
"1415","92845","6-12",Mar 2020,7.5
"1416","92845","0-6",Apr 2020,3.84615384615385
"1417","92845","0-6",May 2020,3.11284046692607
"1418","92845","6-12",Jun 2020,6.75422138836773
"1419","92845","6-12",Jul 2020,7.83132530120482
"1420","92845","0-6",Aug 2020,3.40264650283554
"1421","92845","0-6",Sep 2020,2.1505376344086
"1422","92845","0-6",Oct 2020,1.42993326978074
"1423","92845","6-12",Nov 2020,6.22330689444783
"1424","92845","12-18",Dec 2020,13.6237623762376
"1425","92845","6-12",Jan 2021,11.7805065234075
"1426","92845","0-6",Feb 2021,3.85278895917194
"1427","92845","0-6",Mar 2021,0.935162094763092
"1428","92845","0-6",Apr 2021,1.16129032258065
"1429","92845","0-6",May 2021,0.416666666666667
"1430","92845","0-6",Jun 2021,1.29259694477086
"1431","92845","6-12",Jul 2021,7.7720207253886
"1432","92845","6-12",Aug 2021,9.42184154175589
"1433","92861","18-24",Mar 2020,21.0526315789474
"1434","92861","0-6",Apr 2020,2.85714285714286
"1435","92861","0-6",May 2020,4.3956043956044
"1436","92861","12-18",Jun 2020,12.6315789473684
"1437","92861","6-12",Jul 2020,6.28272251308901
"1438","92861","0-6",Aug 2020,1.09289617486339
"1439","92861","0-6",Sep 2020,1.27118644067797
"1440","92861","0-6",Oct 2020,4.15335463258786
"1441","92861","6-12",Nov 2020,8.21256038647343
"1442","92861","12-18",Dec 2020,12.5
"1443","92861","12-18",Jan 2021,15.2215799614644
"1444","92861","0-6",Feb 2021,3.62116991643454
"1445","92861","0-6",Mar 2021,0.75
"1446","92861","0-6",Apr 2021,0.50251256281407
"1447","92861","0-6",May 2021,0.308641975308642
"1448","92861","0-6",Jun 2021,0.293255131964809
"1449","92861","6-12",Jul 2021,7.75193798449612
"1450","92861","6-12",Aug 2021,9.02777777777778
"1451","92865","6-12",Mar 2020,8.82352941176471
"1452","92865","6-12",Apr 2020,6.47482014388489
"1453","92865","0-6",May 2020,5.78512396694215
"1454","92865","12-18",Jun 2020,13.4800550206327
"1455","92865","12-18",Jul 2020,13.0630630630631
"1456","92865","6-12",Aug 2020,6.09065155807365
"1457","92865","0-6",Sep 2020,4.97237569060773
"1458","92865","0-6",Oct 2020,4.07816482582838
"1459","92865","12-18",Nov 2020,12.8329297820823
"1460","92865","18-24",Dec 2020,20.7748627211714
"1461","92865","12-18",Jan 2021,14.4227694275664
"1462","92865","0-6",Feb 2021,5.47778454047474
"1463","92865","0-6",Mar 2021,1.72294968986906
"1464","92865","0-6",Apr 2021,1.13464447806354
"1465","92865","0-6",May 2021,0.995475113122172
"1466","92865","0-6",Jun 2021,0.916380297823597
"1467","92865","0-6",Jul 2021,5.76131687242798
"1468","92865","6-12",Aug 2021,9.44558521560575
"1469","92866","12-18",Mar 2020,13.7931034482759
"1470","92866","6-12",Apr 2020,11.6883116883117
"1471","92866","0-6",May 2020,3.690036900369
"1472","92866","12-18",Jun 2020,15.5393053016453
"1473","92866","6-12",Jul 2020,11.01152368758
"1474","92866","0-6",Aug 2020,4.62962962962963
"1475","92866","0-6",Sep 2020,3.76670716889429
"1476","92866","0-6",Oct 2020,3.89830508474576
"1477","92866","6-12",Nov 2020,6.62116040955631
"1478","92866","12-18",Dec 2020,16.2873717090585
"1479","92866","12-18",Jan 2021,12.0816326530612
"1480","92866","0-6",Feb 2021,4.86600846262341
"1481","92866","0-6",Mar 2021,2.22882615156018
"1482","92866","0-6",Apr 2021,2.28102189781022
"1483","92866","0-6",May 2021,0.37359900373599
"1484","92866","0-6",Jun 2021,1.47275405007364
"1485","92866","0-6",Jul 2021,5.40865384615385
"1486","92866","6-12",Aug 2021,8.38323353293413
"1487","92867","0-6",Feb 2020,0
"1488","92867","0-6",Mar 2020,3.65853658536585
"1489","92867","6-12",Apr 2020,7.66129032258065
"1490","92867","0-6",May 2020,5.90778097982709
"1491","92867","12-18",Jun 2020,12.6600284495021
"1492","92867","12-18",Jul 2020,13.2495716733295
"1493","92867","0-6",Aug 2020,4.99276410998553
"1494","92867","0-6",Sep 2020,3.57370772176133
"1495","92867","0-6",Oct 2020,3.96530359355638
"1496","92867","6-12",Nov 2020,9.7714972940469
"1497","92867","18-24",Dec 2020,19.012304062026
"1498","92867","12-18",Jan 2021,14.3677161245434
"1499","92867","0-6",Feb 2021,4.26432291666667
"1500","92867","0-6",Mar 2021,1.98956294846706
"1501","92867","0-6",Apr 2021,1.10970196575777
"1502","92867","0-6",May 2021,0.884564352056612
"1503","92867","0-6",Jun 2021,0.740009866798224
"1504","92867","6-12",Jul 2021,6.06319385140905
"1505","92867","6-12",Aug 2021,8.45070422535211
"1506","92868","0-6",Feb 2020,0
"1507","92868","6-12",Mar 2020,11.3207547169811
"1508","92868","6-12",Apr 2020,9.35374149659864
"1509","92868","6-12",May 2020,7.21649484536082
"1510","92868","12-18",Jun 2020,12.8691983122363
"1511","92868","6-12",Jul 2020,9.69669117647059
"1512","92868","0-6",Aug 2020,5.21739130434783
"1513","92868","0-6",Sep 2020,2.49772933696639
"1514","92868","0-6",Oct 2020,2.36375574523966
"1515","92868","6-12",Nov 2020,6.89246802463288
"1516","92868","12-18",Dec 2020,14.829794405123
"1517","92868","6-12",Jan 2021,8.4502144430277
"1518","92868","0-6",Feb 2021,2.24989955805544
"1519","92868","0-6",Mar 2021,0.742287172349803
"1520","92868","0-6",Apr 2021,0.871918220084185
"1521","92868","0-6",May 2021,0.436046511627907
"1522","92868","0-6",Jun 2021,0.393841747225206
"1523","92868","0-6",Jul 2021,2.76422764227642
"1524","92868","0-6",Aug 2021,3.60205831903945
"1525","92869","12-18",Mar 2020,15.1515151515152
"1526","92869","6-12",Apr 2020,7.3469387755102
"1527","92869","6-12",May 2020,6.0126582278481
"1528","92869","12-18",Jun 2020,13.6724960254372
"1529","92869","12-18",Jul 2020,12.2546103509816
"1530","92869","0-6",Aug 2020,4.66613032984714
"1531","92869","0-6",Sep 2020,4.11718131433096
"1532","92869","0-6",Oct 2020,3.28663793103448
"1533","92869","6-12",Nov 2020,8.75366091767003
"1534","92869","18-24",Dec 2020,18.1608379194035
"1535","92869","12-18",Jan 2021,13.9650377433453
"1536","92869","0-6",Feb 2021,4.75319926873857
"1537","92869","0-6",Mar 2021,1.87699680511182
"1538","92869","0-6",Apr 2021,1.17825921702775
"1539","92869","0-6",May 2021,1.37684854665987
"1540","92869","0-6",Jun 2021,1.63749294184077
"1541","92869","0-6",Jul 2021,4.92021276595745
"1542","92869","6-12",Aug 2021,8.38509316770186
"1543","92870","0-6",Feb 2020,0
"1544","92870","12-18",Mar 2020,14.8936170212766
"1545","92870","12-18",Apr 2020,12.5356125356125
"1546","92870","6-12",May 2020,6.95742471443406
"1547","92870","12-18",Jun 2020,12.8426395939086
"1548","92870","12-18",Jul 2020,12.4458874458874
"1549","92870","0-6",Aug 2020,4.74885844748858
"1550","92870","0-6",Sep 2020,4.17414721723519
"1551","92870","0-6",Oct 2020,4.38448566610455
"1552","92870","6-12",Nov 2020,9.10562525293403
"1553","92870","12-18",Dec 2020,17.3475500179705
"1554","92870","6-12",Jan 2021,11.8404118404118
"1555","92870","0-6",Feb 2021,4.57561198810341
"1556","92870","0-6",Mar 2021,1.52049360951961
"1557","92870","0-6",Apr 2021,1.59045725646123
"1558","92870","0-6",May 2021,0.638297872340426
"1559","92870","0-6",Jun 2021,0.508351488743646
"1560","92870","6-12",Jul 2021,6.12306759624129
"1561","92870","6-12",Aug 2021,9.3070652173913
"1562","92886",">30",Feb 2020,33.3333333333333
"1563","92886","6-12",Mar 2020,11.1801242236025
"1564","92886","0-6",Apr 2020,5.20231213872832
"1565","92886","0-6",May 2020,3.06878306878307
"1566","92886","6-12",Jun 2020,6.85011709601874
"1567","92886","6-12",Jul 2020,8.67480383609416
"1568","92886","0-6",Aug 2020,2.36753100338219
"1569","92886","0-6",Sep 2020,3.68597415031115
"1570","92886","0-6",Oct 2020,2.735781137509
"1571","92886","6-12",Nov 2020,7.68691588785047
"1572","92886","12-18",Dec 2020,14.3242093320096
"1573","92886","12-18",Jan 2021,12.3678025851939
"1574","92886","0-6",Feb 2021,4.51783355350066
"1575","92886","0-6",Mar 2021,1.04235972499446
"1576","92886","0-6",Apr 2021,1.40077821011673
"1577","92886","0-6",May 2021,0.773993808049536
"1578","92886","0-6",Jun 2021,0.571812983518332
"1579","92886","6-12",Jul 2021,6.38778971170153
"1580","92886","6-12",Aug 2021,9.50226244343891
"1581","92887","6-12",Mar 2020,7.46268656716418
"1582","92887","6-12",Apr 2020,7.69230769230769
"1583","92887","0-6",May 2020,1.19402985074627
"1584","92887","6-12",Jun 2020,8.11209439528024
"1585","92887","6-12",Jul 2020,8.21621621621622
"1586","92887","0-6",Aug 2020,4.40967283072546
"1587","92887","0-6",Sep 2020,4.8284625158831
"1588","92887","0-6",Oct 2020,3.01263362487852
"1589","92887","6-12",Nov 2020,6.32478632478632
"1590","92887","12-18",Dec 2020,14.5197319434103
"1591","92887","6-12",Jan 2021,11.6475095785441
"1592","92887","0-6",Feb 2021,4.53579021970234
"1593","92887","0-6",Mar 2021,1.10429447852761
"1594","92887","0-6",Apr 2021,1.4695077149155
"1595","92887","0-6",May 2021,0.837520938023451
"1596","92887","0-6",Jun 2021,0.988319856244385
"1597","92887","6-12",Jul 2021,7.77439024390244
"1598","92887","6-12",Aug 2021,10.5357142857143
